Date,Season,BL,BW,作业方式,Station,昼/夜,BL range,TL/mm,叉长/mm,NW/g,雌雄,性腺成熟度,摄食等级,
2019/10/13,Autumn (Oct.),131,35.1,张网,Z02,昼,100-150,157,,,不分,,0,
2019/10/13,Autumn (Oct.),304,536,张网,Z02,昼,300-350,349,,,♀,Ⅲ,1,
2019/10/13,Autumn (Oct.),114,14.6,张网,Z03,昼,100-150,,,,,,,
2019/10/13,Autumn (Oct.),138,37.4,张网,Z03,昼,100-150,,,,,,,
2019/10/13,Autumn (Oct.),97,8.6,张网,Z03,夜,50-100,114,,,不分,,0,
2019/10/13,Autumn (Oct.),102,13.5,张网,Z03,夜,100-150,120,,,不分,,1,
2019/10/13,Autumn (Oct.),95,11.7,张网,Z03,夜,50-100,110,,,不分,,0,
2019/10/13,Autumn (Oct.),84,10.5,张网,Z03,夜,50-100,102,,,不分,,0,
2019/10/13,Autumn (Oct.),90,9.6,张网,Z03,夜,50-100,106,,,不分,,0,
2019/10/13,Autumn (Oct.),105,14.8,张网,Z03,夜,100-150,127,,,不分,,0,
2019/10/13,Autumn (Oct.),92,11.5,张网,Z03,夜,50-100,110,,,不分,,1,
2019/10/13,Autumn (Oct.),122,26.8,张网,Z03,夜,100-150,140,,,不分,,1,
2019/10/13,Autumn (Oct.),102,11.1,张网,Z03,夜,100-150,115,,,不分,,0,
2019/10/13,Autumn (Oct.),71,3.9,张网,Z03,夜,50-100,83,,,不分,,0,
2019/10/13,Autumn (Oct.),85,12.6,张网,Z03,夜,50-100,113,,,不分,,0,
2019/10/13,Autumn (Oct.),70,3.6,张网,Z03,夜,50-100,80,,,不分,,0,
2019/10/13,Autumn (Oct.),94,16.8,张网,Z03,夜,50-100,114,,,不分,,1,
2019/10/13,Autumn (Oct.),135,40.8,张网,Z03,夜,100-150,160,,,不分,,0,
2019/10/13,Autumn (Oct.),96,9.1,张网,Z04,昼,50-100,109,,,不分,,0,
2019/10/13,Autumn (Oct.),116,20.1,张网,Z04,昼,100-150,136,,,不分,,0,
2019/10/13,Autumn (Oct.),96,13,张网,Z04,昼,50-100,110,,,不分,,0,
2019/10/13,Autumn (Oct.),103,19.4,张网,Z04,昼,100-150,120,,,不分,,0,
2019/10/13,Autumn (Oct.),105,17,张网,Z04,昼,100-150,128,,,不分,,1,
2019/10/13,Autumn (Oct.),89,10.1,张网,Z04,昼,50-100,104,,,不分,,0,
2019/10/13,Autumn (Oct.),120,23.1,张网,Z04,昼,100-150,140,,,不分,,0,
2019/10/13,Autumn (Oct.),105,17.1,张网,Z04,昼,100-150,120,,,不分,,0,
2019/10/13,Autumn (Oct.),123,28.2,张网,Z04,昼,100-150,147,,,不分,,0,
2019/10/13,Autumn (Oct.),120,26.3,张网,Z04,昼,100-150,147,,,♀,Ⅱ,1,
2019/10/13,Autumn (Oct.),110,15,张网,Z04,昼,100-150,128,,,♀,Ⅱ,0,
2019/10/13,Autumn (Oct.),123,29.6,张网,Z04,昼,100-150,150,,,♀,Ⅱ,0,
2019/10/13,Autumn (Oct.),134,33.6,张网,Z04,昼,100-150,157,,,不分,,1,
2019/10/13,Autumn (Oct.),133,35.4,张网,Z04,昼,100-150,156,,,♀,Ⅱ,0,
2019/10/13,Autumn (Oct.),152,51.7,张网,Z04,昼,150-200,176,,,♀,Ⅱ,0,
2019/10/13,Autumn (Oct.),160,61.4,张网,Z04,昼,150-200,190,,,♂,,0,
2019/10/13,Autumn (Oct.),168,71.3,张网,Z04,昼,150-200,194,,,♂,,0,
2019/10/13,Autumn (Oct.),172,73.4,张网,Z04,昼,150-200,200,,,♀,Ⅱ,0,
2019/10/13,Autumn (Oct.),283,402.1,张网,Z04,昼,250-300,319,,,♀,Ⅲ,0,
2019/10/13,Autumn (Oct.),332,583.9,张网,Z04,昼,300-350,372,,,♀,Ⅲ,0,
2019/10/13,Autumn (Oct.),85,8.9,张网,Z04,夜,50-100,,,,,,,
2019/10/13,Autumn (Oct.),95,8.7,张网,Z05,昼,50-100,114,,,不分,,0,
2019/10/13,Autumn (Oct.),86,6.9,张网,Z05,昼,50-100,102,,,不分,,1,
2019/10/13,Autumn (Oct.),100,11.9,张网,Z05,昼,100-150,120,,,不分,,0,
2019/10/13,Autumn (Oct.),80,10,张网,Z05,昼,50-100,99,,,不分,,1,
2019/10/13,Autumn (Oct.),143,50.6,张网,Z05,昼,100-150,165,,,♀,Ⅱ,1,
2019/10/13,Autumn (Oct.),120,28.9,张网,Z05,昼,100-150,141,,,♀,Ⅱ,1,
2019/10/13,Autumn (Oct.),105,11.3,张网,Z05,昼,100-150,126,,,不分,,1,
2019/10/13,Autumn (Oct.),116,20.8,张网,Z05,昼,100-150,141,,,♀,Ⅱ,0,
2019/10/13,Autumn (Oct.),150,54.1,张网,Z05,昼,150-200,175,,,♂,,1,
2019/10/13,Autumn (Oct.),150,46.3,张网,Z05,昼,150-200,174,,,♀,Ⅱ,1,
2019/10/13,Autumn (Oct.),145,61.8,张网,Z05,昼,100-150,173,,,♀,Ⅲ,1,
2019/10/13,Autumn (Oct.),123,26.3,张网,Z05,昼,100-150,150,,,不分,,1,
2019/10/13,Autumn (Oct.),160,66.4,张网,Z05,昼,150-200,182,,,♀,Ⅱ,1,
2019/10/13,Autumn (Oct.),113,19.8,张网,Z05,昼,100-150,134,,,不分,,1,
2019/10/13,Autumn (Oct.),120,23.6,张网,Z05,昼,100-150,141,,,不分,,1,
2019/10/13,Autumn (Oct.),237,243.3,张网,Z05,夜,200-250,284,,,♂,,0,
2019/10/13,Autumn (Oct.),204,117.4,张网,Z05,夜,200-250,230,,,♀,Ⅲ,0,
2019/10/13,Autumn (Oct.),146,40.4,张网,Z05,夜,100-150,173,,,♂,,1,
2019/10/13,Autumn (Oct.),140,50,张网,Z05,夜,100-150,166,,,♂,,0,
2019/10/13,Autumn (Oct.),138,44.5,张网,Z05,夜,100-150,163,,,♀,Ⅱ,1,
2019/10/13,Autumn (Oct.),115,26.7,张网,Z05,夜,100-150,139,,,不分,,1,
2019/10/13,Autumn (Oct.),139,41.1,张网,Z05,夜,100-150,166,,,♀,Ⅱ,0,
2019/10/13,Autumn (Oct.),119,22.2,张网,Z05,夜,100-150,143,,,不分,,0,
2019/10/13,Autumn (Oct.),107,18,张网,Z05,夜,100-150,132,,,不分,,0,
2019/10/13,Autumn (Oct.),167,66,张网,Z05,夜,150-200,197,,,♂,,1,
2019/10/13,Autumn (Oct.),143,43.2,张网,Z05,夜,100-150,166,,,♀,Ⅱ,1,
2019/10/13,Autumn (Oct.),100,14.8,张网,Z05,夜,100-150,120,,,不分,,1,
2019/10/13,Autumn (Oct.),101,13.4,张网,Z05,夜,100-150,120,,,不分,,0,
2019/10/13,Autumn (Oct.),146,51.5,张网,Z05,夜,100-150,172,,,♀,Ⅱ,1,
2019/10/13,Autumn (Oct.),75,6.8,张网,Z05,夜,50-100,91,,,不分,,0,
2019/10/13,Autumn (Oct.),143,46.1,张网,Z05,夜,100-150,172,,,♂,,0,
2019/10/13,Autumn (Oct.),93,12.7,张网,Z05,夜,50-100,111,,,不分,,0,
2019/10/13,Autumn (Oct.),103,14.4,张网,Z05,夜,100-150,120,,,不分,,0,
2019/10/13,Autumn (Oct.),103,15.6,张网,Z05,夜,100-150,120,,,不分,,0,
2019/10/13,Autumn (Oct.),88,8.9,张网,Z05,夜,50-100,109,,,不分,,0,
2019/10/13,Autumn (Oct.),102,14.6,张网,Z05,夜,100-150,124,,,不分,,1,
2019/10/13,Autumn (Oct.),90,9.7,张网,Z05,夜,50-100,110,,,不分,,1,
2019/10/13,Autumn (Oct.),121,16,张网,Z05,夜,100-150,140,,,不分,,0,
2019/10/13,Autumn (Oct.),260,389.8,张网,Z06,昼,250-300,308,,,♂,,0,
2019/10/13,Autumn (Oct.),158,52.9,张网,Z06,昼,150-200,192,,,♀,Ⅱ,0,
2019/10/13,Autumn (Oct.),159,53.5,张网,Z06,昼,150-200,180,,,不分,,0,
2019/10/13,Autumn (Oct.),94,12.8,张网,Z06,昼,50-100,115,,,不分,,1,
2019/10/13,Autumn (Oct.),123,27.6,张网,Z06,昼,100-150,151,,,不分,,0,
2019/10/13,Autumn (Oct.),98,12.6,张网,Z06,昼,50-100,121,,,不分,,0,
2019/10/13,Autumn (Oct.),89,9,张网,Z06,昼,50-100,105,,,不分,,0,
2019/10/13,Autumn (Oct.),158,63,张网,Z06,昼,150-200,194,,,不分,,0,
2019/10/13,Autumn (Oct.),119,23.8,张网,Z06,昼,100-150,141,,,不分,,0,
2019/10/13,Autumn (Oct.),129,33.4,张网,Z06,昼,100-150,154,,,不分,,0,
2019/10/13,Autumn (Oct.),115,23.1,张网,Z06,昼,100-150,142,,,♂,,0,
2019/10/13,Autumn (Oct.),94,11,张网,Z06,昼,50-100,115,,,不分,,1,
2019/10/13,Autumn (Oct.),115,22.5,张网,Z06,昼,100-150,133,,,不分,,0,
2019/10/13,Autumn (Oct.),102,15.1,张网,Z06,昼,100-150,126,,,不分,,0,
2019/10/13,Autumn (Oct.),92,11.6,张网,Z06,昼,50-100,110,,,不分,,0,
2019/10/13,Autumn (Oct.),93,12.4,张网,Z06,昼,50-100,116,,,不分,,0,
2019/10/13,Autumn (Oct.),111,17.5,张网,Z06,昼,100-150,135,,,不分,,1,
2019/10/13,Autumn (Oct.),92,10.6,张网,Z06,昼,50-100,110,,,不分,,0,
2019/10/13,Autumn (Oct.),125,28.3,张网,Z06,夜,100-150,150,,,不分,,1,
2019/10/13,Autumn (Oct.),95,12.8,张网,Z06,夜,50-100,118,,,不分,,0,
2019/10/13,Autumn (Oct.),160,79.8,张网,Z06,夜,150-200,193,,,♀,Ⅱ,1,
2019/10/13,Autumn (Oct.),110,20.1,张网,Z06,夜,100-150,133,,,不分,,1,
2019/10/13,Autumn (Oct.),140,41.1,张网,Z06,夜,100-150,163,,,♀,Ⅱ,1,
2019/10/13,Autumn (Oct.),110,22.7,张网,Z06,夜,100-150,131,,,不分,,0,
2019/10/13,Autumn (Oct.),115,24.6,张网,Z06,夜,100-150,140,,,不分,,1,
2019/10/13,Autumn (Oct.),150,47.1,张网,Z06,夜,150-200,175,,,不分,,1,
2019/10/13,Autumn (Oct.),110,21.5,张网,Z06,夜,100-150,130,,,不分,,0,
2019/10/13,Autumn (Oct.),145,41.1,张网,Z06,夜,100-150,172,,,♂,,1,
2019/10/13,Autumn (Oct.),113,21.6,张网,Z06,夜,100-150,134,,,不分,,1,
2019/10/13,Autumn (Oct.),135,37,张网,Z06,夜,100-150,155,,,♀,Ⅱ,2,
2019/10/13,Autumn (Oct.),102,15.1,张网,Z06,夜,100-150,128,,,不分,,1,
2019/10/13,Autumn (Oct.),120,20,张网,Z06,夜,100-150,137,,,不分,,0,
2019/10/13,Autumn (Oct.),100,15.4,张网,Z06,夜,100-150,117,,,不分,,1,
2019/10/13,Autumn (Oct.),105,14.6,张网,Z06,夜,100-150,125,,,不分,,2,
2019/10/13,Autumn (Oct.),160,60.7,张网,Z06,夜,150-200,200,,,♀,Ⅱ,1,
2019/10/13,Autumn (Oct.),138,38.3,张网,Z06,夜,100-150,168,,,♂,,0,
2019/10/13,Autumn (Oct.),103,15.1,张网,Z06,夜,100-150,123,,,不分,,0,
2019/10/13,Autumn (Oct.),95,11.7,张网,Z06,夜,50-100,115,,,不分,,0,
2019/10/13,Autumn (Oct.),90,9.5,张网,Z06,夜,50-100,105,,,不分,,0,
2019/10/13,Autumn (Oct.),107,15.8,张网,Z06,夜,100-150,130,,,不分,,0,
2019/10/13,Autumn (Oct.),88,4.5,张网,Z06,夜,50-100,103,,,不分,,0,
2019/10/13,Autumn (Oct.),88,9.1,张网,Z06,夜,50-100,103,,,♀,Ⅱ,0,
2019/10/13,Autumn (Oct.),123,29.4,张网,Z06,夜,100-150,145,,,不分,,3,
2019/10/13,Autumn (Oct.),160,45.7,张网,Z06,夜,150-200,183,,,♂,,1,
2019/10/13,Autumn (Oct.),150,50.9,张网,Z06,夜,150-200,180,,,♀,Ⅱ,1,
2019/10/13,Autumn (Oct.),93,9.2,张网,Z06,夜,50-100,113,,,不分,,0,
2019/10/13,Autumn (Oct.),100,13.9,张网,Z06,夜,100-150,125,,,不分,,0,
2019/10/13,Autumn (Oct.),110,20.2,张网,Z06,夜,100-150,133,,,不分,,0,
2019/10/13,Autumn (Oct.),130,33.8,张网,Z06,夜,100-150,160,,,♀,Ⅱ,0,
2019/10/13,Autumn (Oct.),120,27,张网,Z06,夜,100-150,143,,,不分,,1,
2019/10/13,Autumn (Oct.),100,14,张网,Z06,夜,100-150,120,,,不分,,0,
2019/10/13,Autumn (Oct.),113,24.7,张网,Z06,夜,100-150,135,,,不分,,1,
2019/10/13,Autumn (Oct.),185,113.1,张网,Z06,夜,150-200,220,,,♂,,1,
2019/10/13,Autumn (Oct.),185,90.9,张网,Z06,夜,150-200,216,,,♀,Ⅱ,0,
2019/10/13,Autumn (Oct.),170,75,张网,Z06,夜,150-200,195,,,♀,Ⅱ,1,
2019/10/13,Autumn (Oct.),148,48.4,张网,Z06,夜,100-150,176,,,♀,Ⅱ,1,
2019/10/13,Autumn (Oct.),130,25.4,张网,Z06,夜,100-150,144,,,不分,,1,
2019/10/13,Autumn (Oct.),125,27.2,张网,Z06,夜,100-150,153,,,不分,,0,
2019/10/13,Autumn (Oct.),127,29.5,张网,Z06,夜,100-150,151,,,♀,Ⅱ,1,
2019/10/13,Autumn (Oct.),120,27.5,张网,Z06,夜,100-150,135,,,不分,,0,
2019/10/13,Autumn (Oct.),275,377.9,张网,Z06,夜,250-300,310,,,♂,,1,
2019/10/13,Autumn (Oct.),325,664.4,张网,Z06,夜,300-350,370,,,♀,Ⅲ,2,
2019/10/13,Autumn (Oct.),390,955.8,张网,Z06,夜,350-400,425,,,♀,Ⅲ,3,
2019/10/13,Autumn (Oct.),305,461.2,张网,Z06,夜,300-350,355,,,♀,Ⅲ,1,
2019/10/13,Autumn (Oct.),290,384.9,张网,Z06,夜,250-300,330,,,♀,Ⅲ,2,
2019/10/13,Autumn (Oct.),343,671.1,张网,Z07,昼,300-350,399,,,♀,Ⅲ,1,
2019/10/13,Autumn (Oct.),101,14.1,张网,Z07,昼,100-150,120,,,♂,,0,
2019/10/13,Autumn (Oct.),148,47.2,张网,Z07,昼,100-150,180,,,♂,,0,
2019/10/13,Autumn (Oct.),106,17.5,张网,Z07,昼,100-150,129,,,不分,,0,
2019/10/13,Autumn (Oct.),111,18.8,张网,Z07,昼,100-150,140,,,不分,,0,
2019/10/13,Autumn (Oct.),100,12.6,张网,Z07,昼,100-150,118,,,不分,,0,
2019/10/13,Autumn (Oct.),113,22.8,张网,Z07,昼,100-150,132,,,♂,,0,
2019/10/13,Autumn (Oct.),112,21.1,张网,Z07,昼,100-150,142,,,不分,,1,
2019/10/13,Autumn (Oct.),107,20,张网,Z07,昼,100-150,135,,,不分,,0,
2019/10/13,Autumn (Oct.),143,49.2,张网,Z07,昼,100-150,172,,,♂,,1,
2019/10/13,Autumn (Oct.),105,14.6,张网,Z07,昼,100-150,131,,,♂,,0,
2019/10/13,Autumn (Oct.),128,31.2,张网,Z07,昼,100-150,156,,,♂,,0,
2019/10/13,Autumn (Oct.),161,69.1,张网,Z07,昼,150-200,190,,,♂,,0,
2019/10/13,Autumn (Oct.),146,46.5,张网,Z07,昼,100-150,174,,,♂,,1,
2019/10/13,Autumn (Oct.),143,44.8,张网,Z07,昼,100-150,174,,,♀,Ⅱ,0,
2019/10/13,Autumn (Oct.),105,13.3,张网,Z07,昼,100-150,126,,,♂,,2,
2019/10/13,Autumn (Oct.),123,26.2,张网,Z07,昼,100-150,145,,,不分,,0,
2019/10/13,Autumn (Oct.),153,61.7,张网,Z07,昼,150-200,187,,,♂,,1,
2019/10/13,Autumn (Oct.),197,119.3,张网,Z07,昼,150-200,225,,,♂,,1,
2019/10/13,Autumn (Oct.),115,22.4,张网,Z07,昼,100-150,140,,,不分,,0,
2019/10/13,Autumn (Oct.),110,19.3,张网,Z07,昼,100-150,139,,,不分,,2,
2019/10/13,Autumn (Oct.),167,69.8,张网,Z07,昼,150-200,192,,,♂,,1,
2019/10/13,Autumn (Oct.),98,13.2,张网,Z07,昼,50-100,117,,,不分,,0,
2019/10/13,Autumn (Oct.),66,2.9,张网,Z07,昼,50-100,87,,,不分,,0,
2019/10/13,Autumn (Oct.),95,8.3,张网,Z07,昼,50-100,115,,,不分,,0,
2019/10/13,Autumn (Oct.),74,6.2,张网,Z07,昼,50-100,92,,,不分,,0,
2019/10/13,Autumn (Oct.),124,26.6,张网,Z07,昼,100-150,153,,,♂,,0,
2019/10/13,Autumn (Oct.),101,12.7,张网,Z07,昼,100-150,125,,,不分,,0,
2019/10/13,Autumn (Oct.),121,27.6,张网,Z07,昼,100-150,139,,,不分,,0,
2019/10/13,Autumn (Oct.),94,10.1,张网,Z07,昼,50-100,118,,,不分,,0,
2019/10/13,Autumn (Oct.),118,23.3,张网,Z07,昼,100-150,147,,,不分,,0,
2019/10/13,Autumn (Oct.),146,46.9,张网,Z07,昼,100-150,177,,,♂,,0,
2019/10/13,Autumn (Oct.),107,17.2,张网,Z07,昼,100-150,126,,,不分,,0,
2019/10/13,Autumn (Oct.),103,13.1,张网,Z07,昼,100-150,120,,,不分,,0,
2019/10/13,Autumn (Oct.),95,10.6,张网,Z07,昼,50-100,113,,,不分,,0,
2019/10/13,Autumn (Oct.),152,48.2,张网,Z07,昼,150-200,178,,,♂,,0,
2019/10/13,Autumn (Oct.),118,19.9,张网,Z07,昼,100-150,141,,,不分,,0,
2019/10/13,Autumn (Oct.),77,5.9,张网,Z07,昼,50-100,101,,,不分,,0,
2019/10/13,Autumn (Oct.),111,15.7,张网,Z07,昼,100-150,138,,,不分,,0,
2019/10/13,Autumn (Oct.),118,27.2,张网,Z07,昼,100-150,145,,,♂,,0,
2019/10/13,Autumn (Oct.),95,10.5,张网,Z07,昼,50-100,117,,,不分,,0,
2019/10/13,Autumn (Oct.),97,10.9,张网,Z07,昼,50-100,120,,,不分,,0,
2019/10/13,Autumn (Oct.),121,20.8,张网,Z07,昼,100-150,145,,,不分,,0,
2019/10/13,Autumn (Oct.),91,10.8,张网,Z07,昼,50-100,117,,,不分,,0,
2019/10/13,Autumn (Oct.),79,6.2,张网,Z07,昼,50-100,94,,,不分,,0,
2019/10/13,Autumn (Oct.),90,7.7,张网,Z07,昼,50-100,109,,,不分,,0,
2019/10/13,Autumn (Oct.),103,14.4,张网,Z07,昼,100-150,123,,,不分,,0,
2019/10/13,Autumn (Oct.),90,7.3,张网,Z07,昼,50-100,107,,,不分,,0,
2019/10/13,Autumn (Oct.),98,12.4,张网,Z07,昼,50-100,117,,,不分,,0,
2019/10/13,Autumn (Oct.),81,4.8,张网,Z07,昼,50-100,99,,,不分,,0,
2019/10/13,Autumn (Oct.),89,7.4,张网,Z07,昼,50-100,110,,,不分,,0,
2019/10/13,Autumn (Oct.),83,6.7,张网,Z07,昼,50-100,100,,,不分,,0,
2019/10/13,Autumn (Oct.),92,8.3,张网,Z07,昼,50-100,111,,,不分,,0,
2019/10/13,Autumn (Oct.),83,7.4,张网,Z07,昼,50-100,105,,,不分,,0,
2019/10/13,Autumn (Oct.),89,7.4,张网,Z07,昼,50-100,106,,,不分,,0,
2019/10/13,Autumn (Oct.),90,7.7,张网,Z07,昼,50-100,111,,,不分,,0,
2019/10/13,Autumn (Oct.),82,7.6,张网,Z07,昼,50-100,105,,,不分,,0,
2019/10/13,Autumn (Oct.),118,20.2,张网,Z07,昼,100-150,137,,,不分,,0,
2019/10/13,Autumn (Oct.),122,21.3,张网,Z07,夜,100-150,147,,,不分,,0,
2019/10/13,Autumn (Oct.),95,10.8,张网,Z07,夜,50-100,116,,,不分,,1,
2019/10/13,Autumn (Oct.),103,14.7,张网,Z07,夜,100-150,125,,,不分,,0,
2019/10/13,Autumn (Oct.),95,12.4,张网,Z07,夜,50-100,121,,,不分,,0,
2019/10/13,Autumn (Oct.),134,29.5,张网,Z07,夜,100-150,159,,,不分,,0,
2019/10/13,Autumn (Oct.),164,69,张网,Z07,夜,150-200,197,,,♀,Ⅲ,0,
2019/10/13,Autumn (Oct.),70,4.6,张网,Z08,昼,50-100,81,,,不分,,0,
2019/10/13,Autumn (Oct.),83,7.8,张网,Z08,昼,50-100,102,,,不分,,0,
2019/10/13,Autumn (Oct.),95,9.8,张网,Z08,昼,50-100,116,,,不分,,1,
2019/10/13,Autumn (Oct.),103,9.8,张网,Z08,昼,100-150,126,,,不分,,0,
2019/10/13,Autumn (Oct.),135,36,张网,Z08,昼,100-150,155,,,♀,Ⅱ,1,
2019/10/13,Autumn (Oct.),150,49.7,张网,Z08,昼,150-200,176,,,♀,Ⅱ,1,
2019/10/13,Autumn (Oct.),110,20.8,张网,Z08,昼,100-150,133,,,♀,Ⅱ,1,
2019/10/13,Autumn (Oct.),255,243,张网,Z08,昼,250-300,300,,,♂,,1,
2019/10/13,Autumn (Oct.),157,57,张网,Z08,夜,150-200,185,,,♂,,1,
2019/10/13,Autumn (Oct.),164,56.7,张网,Z08,夜,150-200,193,,,♀,Ⅱ,1,
2019/10/13,Autumn (Oct.),156,67.6,张网,Z08,夜,150-200,191,,,♀,Ⅱ,2,
2019/10/13,Autumn (Oct.),125,34,张网,Z08,夜,100-150,156,,,♀,Ⅱ,1,
2019/10/13,Autumn (Oct.),82,8.5,张网,Z08,夜,50-100,101,,,不分,,1,
2019/10/13,Autumn (Oct.),87,7.7,张网,Z08,夜,50-100,105,,,不分,,0,
2019/10/13,Autumn (Oct.),112,22.3,张网,Z08,夜,100-150,137,,,♀,Ⅱ,1,
2019/10/13,Autumn (Oct.),88,7.6,张网,Z08,夜,50-100,103,,,♀,Ⅱ,0,
2019/10/13,Autumn (Oct.),117,24.5,张网,Z08,夜,100-150,144,,,不分,,0,
2019/10/13,Autumn (Oct.),124,38.2,张网,Z08,夜,100-150,150,,,不分,,1,
2019/10/13,Autumn (Oct.),127,33.2,张网,Z08,夜,100-150,154,,,♀,Ⅱ,0,
2019/10/13,Autumn (Oct.),100,12.5,张网,Z08,夜,100-150,124,,,不分,,0,
2019/10/13,Autumn (Oct.),109,17.7,张网,Z08,夜,100-150,132,,,不分,,1,
2019/10/13,Autumn (Oct.),271,366.2,张网,Z08,夜,250-300,314,,,♂,,1,
2019/10/13,Autumn (Oct.),82,6.8,张网,Z08,夜,50-100,99,,,不分,,0,
2019/10/13,Autumn (Oct.),136,40.8,张网,Z10,昼,100-150,160,,,♀,Ⅱ,1,
2019/10/13,Autumn (Oct.),128,28.6,张网,Z10,昼,100-150,153,,,不分,,0,
2019/10/13,Autumn (Oct.),130,33.6,张网,Z10,昼,100-150,155,,,不分,,0,
2019/10/13,Autumn (Oct.),120,21.4,张网,Z10,昼,100-150,140,,,♀,Ⅱ,0,
2019/10/13,Autumn (Oct.),115,25.8,张网,Z10,昼,100-150,135,,,♂,,3,
2019/10/13,Autumn (Oct.),70,4.3,张网,Z10,昼,50-100,82,,,不分,,0,
2019/10/13,Autumn (Oct.),90,8.3,张网,Z10,昼,50-100,106,,,不分,,1,
2019/10/13,Autumn (Oct.),110,19.4,张网,Z10,昼,100-150,128,,,♀,Ⅱ,1,
2019/10/13,Autumn (Oct.),95,11.8,张网,Z10,昼,50-100,111,,,♀,Ⅱ,1,
2019/10/13,Autumn (Oct.),125,28.3,张网,Z10,昼,100-150,150,,,♀,Ⅱ,0,
2019/10/13,Autumn (Oct.),110,11.1,张网,Z10,昼,100-150,127,,,不分,,0,
2019/10/16,Autumn (Oct.),152,58.1,拖网,T01,,150-200,188,,,♂,FALSE,1,
2019/10/16,Autumn (Oct.),169,84,拖网,T02,,150-200,212,,,♂,Ⅱ,0,
2019/10/16,Autumn (Oct.),148,54.6,拖网,T02,,100-150,177,,,♀,,1,
2019/10/16,Autumn (Oct.),152,52.3,拖网,T02,,150-200,185,,,♂,,0,
2019/10/16,Autumn (Oct.),130,33.4,拖网,T03,,100-150,158,,,♂,,0,
2019/10/16,Autumn (Oct.),179,89.8,拖网,T03,,150-200,217,,,♂,Ⅳ,0,
2019/10/16,Autumn (Oct.),191,127.3,拖网,T04,,150-200,225,,,♀,,1,
2019/10/16,Autumn (Oct.),159,63.5,拖网,T04,,150-200,195,,,♂,,0,
2019/10/16,Autumn (Oct.),136,40.7,拖网,T05,,100-150,172,,,♂,,0,
2019/10/16,Autumn (Oct.),149,47.7,拖网,T05,,100-150,182,,,♂,,0,
2019/10/16,Autumn (Oct.),184,97.1,拖网,T05,,150-200,221,,,♂,Ⅱ,1,
2019/10/16,Autumn (Oct.),134,39.4,拖网,T06,,100-150,164,,,♀,,0,
2019/10/16,Autumn (Oct.),165,70.8,拖网,T06,,150-200,207,,,♂,,0,
2019/10/16,Autumn (Oct.),179,82.7,拖网,T06,,150-200,219,,,♂,,0,
2019/4/13,Spring (Apr.),155,58.4,拖网,T02,,150-200,191,,,♂,,0,
2019/4/17,Spring (Apr.),174,117.3,张网,Z01,夜,150-200,206,,,♀,Ⅱ,2,
2019/4/17,Spring (Apr.),177,91.6,张网,Z01,夜,150-200,215,,,♀,Ⅱ,2,
2019/4/17,Spring (Apr.),136,53.3,张网,Z01,夜,100-150,167,,,不分,,1,
2019/4/17,Spring (Apr.),132,41.5,张网,Z01,夜,100-150,161,,,不分,,0,
2019/4/17,Spring (Apr.),140,47.7,张网,Z01,夜,100-150,166,,,♀,Ⅱ,0,
2019/4/17,Spring (Apr.),112,24,张网,Z01,夜,100-150,136,,,不分,,0,
2019/4/17,Spring (Apr.),156,79.9,张网,Z01,夜,150-200,190,,,♂,Ⅱ,0,
2019/4/17,Spring (Apr.),145,55.1,张网,Z01,夜,100-150,182,,,♀,Ⅱ,2,
2019/4/17,Spring (Apr.),201,184.4,张网,Z01,夜,200-250,243,,,♀,Ⅲ,4,
2019/4/17,Spring (Apr.),181,141.9,张网,Z01,夜,150-200,217,,,♀,Ⅲ,4,
2019/4/17,Spring (Apr.),149,55.5,张网,Z01,夜,100-150,181,,,不分,,2,
2019/4/17,Spring (Apr.),114,19.6,张网,Z01,夜,100-150,138,,,♀,Ⅱ,1,
2019/4/17,Spring (Apr.),160,80.9,张网,Z01,夜,150-200,194,,,不分,,0,
2019/4/17,Spring (Apr.),203,148.4,张网,Z01,夜,200-250,251,,,♂,Ⅲ,2,
2019/4/17,Spring (Apr.),283,393.4,张网,Z01,夜,250-300,318,,,♂,Ⅵ,0,
2019/4/17,Spring (Apr.),238,322.8,张网,Z01,夜,200-250,283,,,♂,Ⅳ,1,
2019/4/17,Spring (Apr.),174,107.1,张网,Z01,夜,150-200,210,,,不分,,1,
2019/4/17,Spring (Apr.),154,75.8,张网,Z01,夜,150-200,189,,,♀,Ⅱ,2,
2019/4/17,Spring (Apr.),137,42.5,张网,Z01,夜,100-150,168,,,♀,Ⅱ,1,
2019/4/17,Spring (Apr.),173,86.5,张网,Z01,夜,150-200,208,,,不分,,1,
2019/4/17,Spring (Apr.),140,39.7,张网,Z01,夜,100-150,174,,,♂,Ⅱ,0,
2019/4/18,Spring (Apr.),190,125.6,张网,Z01,昼,150-200,228,,,♀,Ⅱ,0,
2019/4/18,Spring (Apr.),210,222.1,张网,Z01,昼,200-250,252,,,♀,Ⅱ,1,
2019/4/18,Spring (Apr.),144,54.7,张网,Z01,昼,100-150,174,,,不分,,0,
2019/4/18,Spring (Apr.),175,91,张网,Z01,昼,150-200,210,,,♂,,1,
2019/4/18,Spring (Apr.),294,609.1,张网,Z01,昼,250-300,334,,,♂,,0,
2019/4/17,Spring (Apr.),175,104.3,张网,Z02,夜,150-200,210,,,♀,Ⅱ,0,
2019/4/17,Spring (Apr.),130,44.4,张网,Z02,夜,100-150,155,,,不分,,1,
2019/4/17,Spring (Apr.),60,3.1,张网,Z02,夜,50-100,75,,,不分,,,
2019/4/17,Spring (Apr.),60,3.2,张网,Z02,夜,50-100,71,,,不分,,,
2019/4/17,Spring (Apr.),76,6.7,张网,Z02,夜,50-100,95,,,不分,,1,
2019/4/18,Spring (Apr.),115,19.8,张网,Z02,昼,100-150,128,,,不分,,0,
2019/4/18,Spring (Apr.),140,49.9,张网,Z02,昼,100-150,165,,,♀,Ⅱ,1,
2019/4/18,Spring (Apr.),175,103,张网,Z02,昼,150-200,203,,,不分,,1,
2019/4/17,Spring (Apr.),208,167.3,张网,Z03,夜,200-250,249,,,♂,,0,
2019/4/17,Spring (Apr.),164,71.5,张网,Z03,夜,150-200,192,,,♂,,0,
2019/4/17,Spring (Apr.),206,140.3,张网,Z03,夜,200-250,246,,,♂,,1,
2019/4/17,Spring (Apr.),226,205,张网,Z03,夜,200-250,270,,,♀,Ⅱ,1,
2019/4/17,Spring (Apr.),172,98.8,张网,Z03,夜,150-200,202,,,♀,Ⅱ,1,
2019/4/17,Spring (Apr.),131,39,张网,Z03,夜,100-150,158,,,不分,,1,
2019/4/17,Spring (Apr.),177,111,张网,Z03,夜,150-200,211,,,♀,Ⅱ,1,
2019/4/17,Spring (Apr.),175,98.9,张网,Z03,夜,150-200,210,,,♀,Ⅱ,2,
2019/4/18,Spring (Apr.),113,27.2,张网,Z03,昼,100-150,126,,,不分,,0,
2019/4/18,Spring (Apr.),122,31.7,张网,Z03,昼,100-150,152,,,不分,,1,
2019/4/18,Spring (Apr.),124,37.6,张网,Z03,昼,100-150,155,,,不分,,1,
2019/4/18,Spring (Apr.),136,39.3,张网,Z03,昼,100-150,168,,,♂,,0,
2019/4/18,Spring (Apr.),205,160.4,张网,Z03,昼,200-250,245,,,♀,Ⅱ,1,
2019/4/17,Spring (Apr.),224,232.7,张网,Z04,夜,200-250,264,,,♀,Ⅵ,0,
2019/4/17,Spring (Apr.),174,97.7,张网,Z04,夜,150-200,203,,,♀,Ⅱ,0,
2019/4/17,Spring (Apr.),189,122.5,张网,Z04,夜,150-200,226,,,♂,,0,
2019/4/17,Spring (Apr.),177,103.9,张网,Z04,夜,150-200,215,,,♂,,0,
2019/4/17,Spring (Apr.),152,56.8,张网,Z04,夜,150-200,183,,,♀,Ⅱ,0,
2019/4/17,Spring (Apr.),138,51.4,张网,Z04,夜,100-150,171,,,♀,Ⅱ,0,
2019/4/17,Spring (Apr.),108,21.9,张网,Z04,夜,100-150,128,,,♀,Ⅱ,0,
2019/4/17,Spring (Apr.),127,35.4,张网,Z04,夜,100-150,158,,,不分,,0,
2019/4/17,Spring (Apr.),131,31.8,张网,Z04,夜,100-150,155,,,不分,,1,
2019/4/18,Spring (Apr.),163,109,张网,Z04,昼,150-200,202,,,♀,Ⅱ,0,
2019/4/18,Spring (Apr.),197,162,张网,Z04,昼,150-200,233,,,♂,,0,
2019/4/17,Spring (Apr.),190,136.2,张网,Z05,夜,150-200,228,,,♂,Ⅲ,0,
2019/4/17,Spring (Apr.),140,48.9,张网,Z05,夜,100-150,165,,,不分,,1,
2019/4/17,Spring (Apr.),125,33.3,张网,Z05,夜,100-150,155,,,♀,Ⅱ,1,
2019/4/17,Spring (Apr.),175,98.5,张网,Z05,夜,150-200,208,,,♂,Ⅱ,1,
2019/4/17,Spring (Apr.),163,77.6,张网,Z05,夜,150-200,190,,,♀,Ⅱ,1,
2019/4/17,Spring (Apr.),122,30.1,张网,Z05,夜,100-150,146,,,♂,Ⅱ,0,
2019/4/17,Spring (Apr.),143,52.2,张网,Z05,夜,100-150,172,,,不分,,1,
2019/4/17,Spring (Apr.),150,64.5,张网,Z05,夜,150-200,178,,,♀,Ⅱ,1,
2019/4/17,Spring (Apr.),345,786.4,张网,Z05,夜,300-350,385,,,♂,Ⅵ,2,
2019/4/18,Spring (Apr.),175,90.9,张网,Z05,昼,150-200,195,,,不分,,0,
2019/4/18,Spring (Apr.),180,107.9,张网,Z05,昼,150-200,210,,,♀,Ⅱ,1,
2019/4/18,Spring (Apr.),240,279.1,张网,Z05,昼,200-250,280,,,♂,,1,
2019/4/18,Spring (Apr.),70,5.7,张网,Z06,昼,50-100,90,,,不分,,0,
2019/4/18,Spring (Apr.),65,4.2,张网,Z06,昼,50-100,88,,,不分,,0,
2019/4/18,Spring (Apr.),135,32.2,张网,Z06,昼,100-150,163,,,不分,,0,
2019/4/18,Spring (Apr.),120,27.8,张网,Z06,昼,100-150,141,,,不分,,0,
2019/4/18,Spring (Apr.),185,103.5,张网,Z06,昼,150-200,220,,,♂,,1,
2019/4/18,Spring (Apr.),180,100.6,张网,Z06,昼,150-200,210,,,♀,Ⅱ,0,
2019/4/18,Spring (Apr.),92,13.9,张网,Z07,昼,50-100,122,,,不分,,0,老叶
2019/4/18,Spring (Apr.),329,611,张网,Z07,昼,300-350,372,,,♀,Ⅲ,2,
2019/4/18,Spring (Apr.),194,137.7,张网,Z07,昼,150-200,231,,,♀,Ⅱ,0,
2019/4/18,Spring (Apr.),169,112.6,张网,Z07,昼,150-200,207,,,♂,Ⅱ,0,
2019/4/18,Spring (Apr.),159,88.8,张网,Z07,昼,150-200,193,,,♂,Ⅱ,0,
2019/4/18,Spring (Apr.),113,26.3,张网,Z07,昼,100-150,141,,,不分,,0,
2019/4/18,Spring (Apr.),121,39.3,张网,Z07,昼,100-150,155,,,♂,Ⅱ,0,
2019/4/18,Spring (Apr.),154,67.7,张网,Z07,昼,150-200,159,,,♂,Ⅱ,1,
2019/4/18,Spring (Apr.),94,16.8,张网,Z07,昼,50-100,122,,,不分,,1,
2019/4/18,Spring (Apr.),115,26.3,张网,Z07,昼,100-150,145,,,不分,,1,
2019/4/18,Spring (Apr.),165,106.3,张网,Z07,昼,150-200,199,,,♀,Ⅱ,2,
2019/4/18,Spring (Apr.),148,65.9,张网,Z07,昼,100-150,176,,,♀,Ⅱ,0,
2019/4/18,Spring (Apr.),105,20.9,张网,Z07,昼,100-150,126,,,不分,,2,
2019/4/18,Spring (Apr.),146,66.4,张网,Z07,昼,100-150,178,,,♀,Ⅱ,0,
2019/4/18,Spring (Apr.),163,81.4,张网,Z07,昼,150-200,199,,,♀,Ⅱ,1,
2019/4/18,Spring (Apr.),178,90.1,张网,Z07,昼,150-200,213,,,♀,Ⅱ,0,
2019/4/18,Spring (Apr.),178,110.1,张网,Z07,昼,150-200,214,,,♂,Ⅱ,0,
2019/4/18,Spring (Apr.),217,214.4,张网,Z07,昼,200-250,262,,,♀,Ⅲ,0,
2019/4/18,Spring (Apr.),184,109.2,张网,Z07,昼,150-200,223,,,♀,Ⅱ,0,
2019/4/18,Spring (Apr.),165,80.5,张网,Z07,昼,150-200,195,,,♀,Ⅱ,0,
2019/4/18,Spring (Apr.),122,31.5,张网,Z07,昼,100-150,151,,,不分,,2,
2019/4/18,Spring (Apr.),174,99.7,张网,Z07,昼,150-200,206,,,不分,,0,
2019/4/18,Spring (Apr.),158,67.9,张网,Z07,昼,150-200,186,,,不分,,0,
2019/4/18,Spring (Apr.),111,22.4,张网,Z07,昼,100-150,134,,,不分,,2,
2019/4/18,Spring (Apr.),105,16.8,张网,Z07,昼,100-150,127,,,不分,,1,
2019/4/18,Spring (Apr.),107,19.2,张网,Z07,昼,100-150,123,,,不分,,0,
2019/4/18,Spring (Apr.),152,63.9,张网,Z07,昼,150-200,184,,,♀,Ⅱ,0,
2019/4/18,Spring (Apr.),54,2.2,张网,Z07,昼,50-100,70,,,不分,,,
2019/7/17,Summer (Jul.),50,1.4,张网,Z01,昼,50-100,61,,,,,,
2019/7/17,Summer (Jul.),50,1.1,张网,Z01,昼,50-100,62,,,,,,
2019/7/17,Summer (Jul.),53,1.8,张网,Z01,昼,50-100,63,,,,,,
2019/7/17,Summer (Jul.),59,2.8,张网,Z01,昼,50-100,75,,,,,,
2019/7/17,Summer (Jul.),60,3,张网,Z01,昼,50-100,78,,,,,,
2019/7/17,Summer (Jul.),68,4.3,张网,Z01,昼,50-100,83,,,,,,
2019/7/17,Summer (Jul.),68,3.9,张网,Z01,昼,50-100,81,,,,,,
2019/7/17,Summer (Jul.),69,4.6,张网,Z01,昼,50-100,86,,,,,,
2019/7/17,Summer (Jul.),69,4.5,张网,Z01,昼,50-100,83,,,,,,
2019/7/17,Summer (Jul.),71,4.5,张网,Z01,昼,50-100,85,,,,,,
2019/7/17,Summer (Jul.),71,6.3,张网,Z01,昼,50-100,87,,,,,,
2019/7/17,Summer (Jul.),72,4.5,张网,Z01,昼,50-100,87,,,,,,
2019/7/17,Summer (Jul.),73,6.3,张网,Z01,昼,50-100,92,,,,,,
2019/7/17,Summer (Jul.),74,5.9,张网,Z01,昼,50-100,92,,,,,,
2019/7/17,Summer (Jul.),74,4.2,张网,Z01,昼,50-100,93,,,,,,
2019/7/17,Summer (Jul.),74,6.4,张网,Z01,昼,50-100,98,,,,,,
2019/7/17,Summer (Jul.),74,5.3,张网,Z01,昼,50-100,86,,,,,,
2019/7/17,Summer (Jul.),75,4.9,张网,Z01,昼,50-100,92,,,,,,
2019/7/17,Summer (Jul.),75,5.5,张网,Z01,昼,50-100,93,,,,,,
2019/7/17,Summer (Jul.),76,6,张网,Z01,昼,50-100,92,,,,,,
2019/7/17,Summer (Jul.),76,4.3,张网,Z01,昼,50-100,91,,,,,,
2019/7/17,Summer (Jul.),76,4.9,张网,Z01,昼,50-100,96,,,,,,
2019/7/17,Summer (Jul.),79,6.5,张网,Z01,昼,50-100,97,,,,,,
2019/7/17,Summer (Jul.),80,7.6,张网,Z01,昼,50-100,98,,,,,,
2019/7/17,Summer (Jul.),81,7.2,张网,Z01,昼,50-100,96,,,,,,
2019/7/17,Summer (Jul.),84,7.3,张网,Z01,昼,50-100,98,,,,,,
2019/7/17,Summer (Jul.),85,9.5,张网,Z01,昼,50-100,103,,,,,,
2019/7/17,Summer (Jul.),86,9,张网,Z01,昼,50-100,107,,,,,,
2019/7/17,Summer (Jul.),87,11.2,张网,Z01,昼,50-100,104,,,,,,
2019/7/17,Summer (Jul.),88,9.7,张网,Z01,昼,50-100,108,,,,,,
2019/7/17,Summer (Jul.),91,11,张网,Z01,昼,50-100,113,,,,,,
2019/7/17,Summer (Jul.),94,12.5,张网,Z01,昼,50-100,114,,,,,,
2019/7/17,Summer (Jul.),95,9.4,张网,Z01,昼,50-100,111,,,,,,
2019/7/17,Summer (Jul.),96,13.9,张网,Z01,昼,50-100,117,,,,,,
2019/7/17,Summer (Jul.),96,13.7,张网,Z01,昼,50-100,114,,,,,,
2019/7/17,Summer (Jul.),98,16.9,张网,Z01,昼,50-100,122,,,,,,
2019/7/17,Summer (Jul.),98,13.3,张网,Z01,昼,50-100,120,,,,,,
2019/7/17,Summer (Jul.),98,12.6,张网,Z01,昼,50-100,121,,,,,,
2019/7/17,Summer (Jul.),99,12.9,张网,Z01,昼,50-100,119,,,,,,
2019/7/17,Summer (Jul.),99,12,张网,Z01,昼,50-100,117,,,,,,
2019/7/17,Summer (Jul.),101,11.6,张网,Z01,昼,100-150,116,,,,,,
2019/7/17,Summer (Jul.),102,14.8,张网,Z01,昼,100-150,121,,,,,,
2019/7/17,Summer (Jul.),102,13.3,张网,Z01,昼,100-150,124,,,,,,
2019/7/17,Summer (Jul.),102,14.7,张网,Z01,昼,100-150,117,,,,,,
2019/7/17,Summer (Jul.),103,14.5,张网,Z01,昼,100-150,120,,,,,,
2019/7/17,Summer (Jul.),106,14.6,张网,Z01,昼,100-150,132,,,,,,
2019/7/17,Summer (Jul.),109,17,张网,Z01,昼,100-150,135,,,,,,
2019/7/17,Summer (Jul.),112,19,张网,Z01,昼,100-150,140,,,,,,
2019/7/17,Summer (Jul.),112,21,张网,Z01,昼,100-150,142,,,,,,
2019/7/17,Summer (Jul.),114,18.5,张网,Z01,昼,100-150,134,,,,,,
2019/7/17,Summer (Jul.),115,23.5,张网,Z01,昼,100-150,132,,,,,,
2019/7/17,Summer (Jul.),116,24,张网,Z01,昼,100-150,147,,,,,,
2019/7/17,Summer (Jul.),116,23.3,张网,Z01,昼,100-150,140,,,,,,
2019/7/17,Summer (Jul.),118,18.6,张网,Z01,昼,100-150,139,,,,,,
2019/7/17,Summer (Jul.),123,28.5,张网,Z01,昼,100-150,146,,,,,,
2019/7/17,Summer (Jul.),123,29.3,张网,Z01,昼,100-150,149,,,,,,
2019/7/17,Summer (Jul.),123,22.7,张网,Z01,昼,100-150,157,,,,,,
2019/7/17,Summer (Jul.),126,28,张网,Z01,昼,100-150,158,,,,,,
2019/7/17,Summer (Jul.),130,27.7,张网,Z01,昼,100-150,154,,,,,,
2019/7/17,Summer (Jul.),203,153.7,张网,Z01,昼,200-250,237,,,,,,
2019/7/17,Summer (Jul.),60,3,张网,Z02,昼,50-100,73,,,,,,
2019/7/17,Summer (Jul.),68,4.5,张网,Z02,昼,50-100,83,,,,,,
2019/7/17,Summer (Jul.),70,5.3,张网,Z02,昼,50-100,87,,,,,,
2019/7/17,Summer (Jul.),73,5,张网,Z02,昼,50-100,90,,,,,,
2019/7/17,Summer (Jul.),85,9.8,张网,Z02,昼,50-100,110,,,,,,
2019/7/17,Summer (Jul.),100,14.9,张网,Z02,昼,100-150,125,,,,,,
2019/7/17,Summer (Jul.),100,18.5,张网,Z02,昼,100-150,125,,,,,,
2019/7/17,Summer (Jul.),100,13.9,张网,Z02,昼,100-150,120,,,,,,
2019/7/17,Summer (Jul.),105,20.4,张网,Z02,昼,100-150,130,,,,,,
2019/7/17,Summer (Jul.),105,22.9,张网,Z02,昼,100-150,136,,,,,,
2019/7/17,Summer (Jul.),105,20.7,张网,Z02,昼,100-150,137,,,,,,
2019/7/17,Summer (Jul.),105,18.1,张网,Z02,昼,100-150,125,,,,,,
2019/7/17,Summer (Jul.),110,22.3,张网,Z02,昼,100-150,145,,,,,,
2019/7/17,Summer (Jul.),110,22.4,张网,Z02,昼,100-150,140,,,,,,
2019/7/17,Summer (Jul.),110,21.3,张网,Z02,昼,100-150,140,,,,,,
2019/7/17,Summer (Jul.),110,21,张网,Z02,昼,100-150,137,,,,,,
2019/7/17,Summer (Jul.),110,24.7,张网,Z02,昼,100-150,142,,,,,,
2019/7/17,Summer (Jul.),110,22.2,张网,Z02,昼,100-150,140,,,,,,
2019/7/17,Summer (Jul.),110,21.9,张网,Z02,昼,100-150,130,,,,,,
2019/7/17,Summer (Jul.),113,18.5,张网,Z02,昼,100-150,136,,,,,,
2019/7/17,Summer (Jul.),115,21.3,张网,Z02,昼,100-150,140,,,,,,
2019/7/17,Summer (Jul.),115,24.1,张网,Z02,昼,100-150,148,,,,,,
2019/7/17,Summer (Jul.),115,24.8,张网,Z02,昼,100-150,146,,,,,,
2019/7/17,Summer (Jul.),115,21.1,张网,Z02,昼,100-150,142,,,,,,
2019/7/17,Summer (Jul.),115,21.5,张网,Z02,昼,100-150,142,,,,,,
2019/7/17,Summer (Jul.),115,24.5,张网,Z02,昼,100-150,145,,,,,,
2019/7/17,Summer (Jul.),120,24.8,张网,Z02,昼,100-150,145,,,,,,
2019/7/17,Summer (Jul.),120,28,张网,Z02,昼,100-150,155,,,,,,
2019/7/17,Summer (Jul.),120,24.2,张网,Z02,昼,100-150,142,,,,,,
2019/7/17,Summer (Jul.),120,30.3,张网,Z02,昼,100-150,155,,,,,,
2019/7/17,Summer (Jul.),51,2.2,张网,Z03,夜,50-100,65,,,,,,
2019/7/17,Summer (Jul.),55,2.2,张网,Z03,夜,50-100,65,,,,,,
2019/7/17,Summer (Jul.),56,2.7,张网,Z03,夜,50-100,70,,,,,,
2019/7/17,Summer (Jul.),57,3,张网,Z03,夜,50-100,70,,,,,,
2019/7/17,Summer (Jul.),59,3.1,张网,Z03,夜,50-100,71,,,,,,
2019/7/17,Summer (Jul.),59,3,张网,Z03,夜,50-100,75,,,,,,
2019/7/17,Summer (Jul.),60,3.9,张网,Z03,夜,50-100,75,,,,,,
2019/7/17,Summer (Jul.),62,2.8,张网,Z03,夜,50-100,77,,,,,,
2019/7/17,Summer (Jul.),63,4.5,张网,Z03,夜,50-100,81,,,,,,
2019/7/17,Summer (Jul.),64,4,张网,Z03,夜,50-100,80,,,,,,
2019/7/17,Summer (Jul.),64,4.2,张网,Z03,夜,50-100,81,,,,,,
2019/7/17,Summer (Jul.),65,4.3,张网,Z03,夜,50-100,82,,,,,,
2019/7/17,Summer (Jul.),65,4.3,张网,Z03,夜,50-100,80,,,,,,
2019/7/17,Summer (Jul.),67,4.3,张网,Z03,夜,50-100,85,,,,,,
2019/7/17,Summer (Jul.),70,4.3,张网,Z03,夜,50-100,84,,,,,,
2019/7/17,Summer (Jul.),70,5,张网,Z03,夜,50-100,85,,,,,,
2019/7/17,Summer (Jul.),71,5.7,张网,Z03,夜,50-100,84,,,,,,
2019/7/17,Summer (Jul.),71,5.2,张网,Z03,夜,50-100,88,,,,,,
2019/7/17,Summer (Jul.),71,6,张网,Z03,夜,50-100,91,,,,,,
2019/7/17,Summer (Jul.),74,5.6,张网,Z03,夜,50-100,87,,,,,,
2019/7/17,Summer (Jul.),75,6.2,张网,Z03,夜,50-100,92,,,,,,
2019/7/17,Summer (Jul.),79,6.5,张网,Z03,夜,50-100,95,,,,,,
2019/7/17,Summer (Jul.),87,10.4,张网,Z03,夜,50-100,108,,,,,,
2019/7/17,Summer (Jul.),88,9.9,张网,Z03,夜,50-100,110,,,,,,
2019/7/17,Summer (Jul.),94,13.2,张网,Z03,夜,50-100,113,,,,,,
2019/7/17,Summer (Jul.),94,12.7,张网,Z03,夜,50-100,115,,,,,,
2019/7/17,Summer (Jul.),95,14.5,张网,Z03,夜,50-100,120,,,,,,
2019/7/17,Summer (Jul.),97,18.4,张网,Z03,夜,50-100,120,,,,,,
2019/7/17,Summer (Jul.),189,103.5,张网,Z03,夜,150-200,230,,,不分,,0,
2019/7/17,Summer (Jul.),351,836.1,张网,Z03,夜,350-400,403,,,♂,,0,
2019/7/17,Summer (Jul.),51,1.8,张网,Z03,昼,50-100,63,,,,,,
2019/7/17,Summer (Jul.),57,1.6,张网,Z03,昼,50-100,71,,,,,,
2019/7/17,Summer (Jul.),59,2.6,张网,Z03,昼,50-100,72,,,,,,
2019/7/17,Summer (Jul.),62,3.8,张网,Z03,昼,50-100,76,,,,,,
2019/7/17,Summer (Jul.),62,2.9,张网,Z03,昼,50-100,78,,,,,,
2019/7/17,Summer (Jul.),65,3.1,张网,Z03,昼,50-100,82,,,,,,
2019/7/17,Summer (Jul.),66,3.3,张网,Z03,昼,50-100,81,,,,,,
2019/7/17,Summer (Jul.),69,4.4,张网,Z03,昼,50-100,86,,,,,,
2019/7/17,Summer (Jul.),74,3.7,张网,Z03,昼,50-100,91,,,,,,
2019/7/17,Summer (Jul.),82,7,张网,Z03,昼,50-100,99,,,,,,
2019/7/17,Summer (Jul.),83,8.2,张网,Z03,昼,50-100,104,,,,,,
2019/7/17,Summer (Jul.),86,7.9,张网,Z03,昼,50-100,102,,,,,,
2019/7/17,Summer (Jul.),87,8.9,张网,Z03,昼,50-100,104,,,,,,
2019/7/17,Summer (Jul.),87,9.9,张网,Z03,昼,50-100,107,,,,,,
2019/7/17,Summer (Jul.),88,8.2,张网,Z03,昼,50-100,108,,,,,,
2019/7/17,Summer (Jul.),94,12.8,张网,Z03,昼,50-100,111,,,,,,
2019/7/17,Summer (Jul.),95,11,张网,Z03,昼,50-100,116,,,,,,
2019/7/17,Summer (Jul.),95,12.3,张网,Z03,昼,50-100,113,,,,,,
2019/7/17,Summer (Jul.),96,12.2,张网,Z03,昼,50-100,116,,,,,,
2019/7/17,Summer (Jul.),99,13.1,张网,Z03,昼,50-100,121,,,,,,
2019/7/17,Summer (Jul.),101,13.7,张网,Z03,昼,100-150,121,,,,,,
2019/7/17,Summer (Jul.),102,13.1,张网,Z03,昼,100-150,126,,,,,,
2019/7/17,Summer (Jul.),103,15.6,张网,Z03,昼,100-150,127,,,,,,
2019/7/17,Summer (Jul.),104,14.4,张网,Z03,昼,100-150,128,,,,,,
2019/7/17,Summer (Jul.),108,19.4,张网,Z03,昼,100-150,131,,,,,,
2019/7/17,Summer (Jul.),111,19.7,张网,Z03,昼,100-150,135,,,,,,
2019/7/17,Summer (Jul.),113,22.4,张网,Z03,昼,100-150,139,,,,,,
2019/7/17,Summer (Jul.),116,25.5,张网,Z03,昼,100-150,146,,,,,,
2019/7/17,Summer (Jul.),117,26.4,张网,Z03,昼,100-150,142,,,,,,
2019/7/17,Summer (Jul.),128,30.9,张网,Z03,昼,100-150,158,,,,,,
2019/7/17,Summer (Jul.),44,1.4,张网,Z04,夜,0-50,55,,,,,,
2019/7/17,Summer (Jul.),53,1.7,张网,Z04,夜,50-100,68,,,,,,
2019/7/17,Summer (Jul.),55,2.6,张网,Z04,昼,50-100,68,,,,,,
2019/7/17,Summer (Jul.),55,2.5,张网,Z04,昼,50-100,67,,,,,,
2019/7/17,Summer (Jul.),58,2.9,张网,Z04,昼,50-100,68,,,,,,
2019/7/17,Summer (Jul.),63,3.4,张网,Z04,昼,50-100,75,,,,,,
2019/7/17,Summer (Jul.),65,4.8,张网,Z04,昼,50-100,82,,,,,,
2019/7/17,Summer (Jul.),65,4.6,张网,Z04,昼,50-100,78,,,,,,
2019/7/17,Summer (Jul.),66,3.7,张网,Z04,昼,50-100,79,,,,,,
2019/7/17,Summer (Jul.),66,5,张网,Z04,昼,50-100,80,,,,,,
2019/7/17,Summer (Jul.),66,3.5,张网,Z04,昼,50-100,77,,,,,,
2019/7/17,Summer (Jul.),66,4.4,张网,Z04,昼,50-100,78,,,,,,
2019/7/17,Summer (Jul.),67,4.3,张网,Z04,昼,50-100,82,,,,,,
2019/7/17,Summer (Jul.),67,3.9,张网,Z04,昼,50-100,83,,,,,,
2019/7/17,Summer (Jul.),67,5.1,张网,Z04,夜,50-100,85,,,,,,
2019/7/17,Summer (Jul.),68,5,张网,Z04,昼,50-100,81,,,,,,
2019/7/17,Summer (Jul.),69,4.2,张网,Z04,昼,50-100,80,,,,,,
2019/7/17,Summer (Jul.),69,4.3,张网,Z04,昼,50-100,82,,,,,,
2019/7/17,Summer (Jul.),69,4.6,张网,Z04,夜,50-100,84,,,,,,
2019/7/17,Summer (Jul.),70,4.9,张网,Z04,昼,50-100,83,,,,,,
2019/7/17,Summer (Jul.),70,4.6,张网,Z04,昼,50-100,82,,,,,,
2019/7/17,Summer (Jul.),70,50,张网,Z04,夜,50-100,85,,,,,,
2019/7/17,Summer (Jul.),71,4.6,张网,Z04,昼,50-100,89,,,,,,
2019/7/17,Summer (Jul.),80,7.5,张网,Z04,昼,50-100,100,,,,,,
2019/7/17,Summer (Jul.),87,10.9,张网,Z04,昼,50-100,105,,,,,,
2019/7/17,Summer (Jul.),88,11,张网,Z04,夜,50-100,108,,,,,,
2019/7/17,Summer (Jul.),88,10.4,张网,Z04,夜,50-100,105,,,,,,
2019/7/17,Summer (Jul.),90,11.6,张网,Z04,夜,50-100,110,,,,,,
2019/7/17,Summer (Jul.),90,13.5,张网,Z04,夜,50-100,110,,,,,,
2019/7/17,Summer (Jul.),91,13.2,张网,Z04,夜,50-100,116,,,,,,
2019/7/17,Summer (Jul.),91,12.9,张网,Z04,夜,50-100,113,,,,,,
2019/7/17,Summer (Jul.),93,13,张网,Z04,昼,50-100,115,,,,,,
2019/7/17,Summer (Jul.),93,12.5,张网,Z04,夜,50-100,120,,,,,,
2019/7/17,Summer (Jul.),96,13.7,张网,Z04,夜,50-100,119,,,,,,
2019/7/17,Summer (Jul.),97,15.1,张网,Z04,夜,50-100,125,,,,,,
2019/7/17,Summer (Jul.),98,15.3,张网,Z04,昼,50-100,116,,,,,,
2019/7/17,Summer (Jul.),100,17.2,张网,Z04,昼,100-150,115,,,,,,
2019/7/17,Summer (Jul.),100,16.8,张网,Z04,昼,100-150,121,,,,,,
2019/7/17,Summer (Jul.),104,17.3,张网,Z04,夜,100-150,130,,,,,,
2019/7/17,Summer (Jul.),104,20.4,张网,Z04,夜,100-150,131,,,,,,
2019/7/17,Summer (Jul.),105,19.5,张网,Z04,昼,100-150,125,,,,,,
2019/7/17,Summer (Jul.),105,18.9,张网,Z04,昼,100-150,124,,,,,,
2019/7/17,Summer (Jul.),105,16.4,张网,Z04,昼,100-150,125,,,,,,
2019/7/17,Summer (Jul.),106,20,张网,Z04,夜,100-150,138,,,,,,
2019/7/17,Summer (Jul.),107,24,张网,Z04,昼,100-150,128,,,,,,
2019/7/17,Summer (Jul.),109,20.7,张网,Z04,夜,100-150,140,,,,,,
2019/7/17,Summer (Jul.),110,17.9,张网,Z04,夜,100-150,136,,,,,,
2019/7/17,Summer (Jul.),112,22.5,张网,Z04,夜,100-150,135,,,,,,
2019/7/17,Summer (Jul.),112,23.4,张网,Z04,夜,100-150,134,,,,,,
2019/7/17,Summer (Jul.),112,21.7,张网,Z04,夜,100-150,140,,,,,,
2019/7/17,Summer (Jul.),113,23.5,张网,Z04,夜,100-150,140,,,,,,
2019/7/17,Summer (Jul.),113,23.3,张网,Z04,夜,100-150,145,,,,,,
2019/7/17,Summer (Jul.),117,24.5,张网,Z04,夜,100-150,144,,,,,,
2019/7/17,Summer (Jul.),118,25,张网,Z04,昼,100-150,142,,,,,,
2019/7/17,Summer (Jul.),119,26.7,张网,Z04,夜,100-150,151,,,,,,
2019/7/17,Summer (Jul.),119,27.8,张网,Z04,夜,100-150,151,,,,,,
2019/7/17,Summer (Jul.),121,29,张网,Z04,夜,100-150,154,,,,,,
2019/7/17,Summer (Jul.),125,27.4,张网,Z04,夜,100-150,158,,,,,,
2019/7/17,Summer (Jul.),125,30.2,张网,Z04,夜,100-150,155,,,,,,
2019/7/17,Summer (Jul.),43,1,张网,Z05,昼,0-50,48,,,,,,
2019/7/17,Summer (Jul.),48,1.8,张网,Z05,昼,0-50,58,,,,,,
2019/7/17,Summer (Jul.),48,1.7,张网,Z05,夜,0-50,57,,,,,,
2019/7/17,Summer (Jul.),50,1.7,张网,Z05,夜,50-100,65,,,,,,
2019/7/17,Summer (Jul.),53,2.6,张网,Z05,昼,50-100,65,,,,,,
2019/7/17,Summer (Jul.),55,1.8,张网,Z05,夜,50-100,70,,,,,,
2019/7/17,Summer (Jul.),58,2.4,张网,Z05,昼,50-100,73,,,,,,
2019/7/17,Summer (Jul.),60,3.3,张网,Z05,昼,50-100,75,,,,,,
2019/7/17,Summer (Jul.),60,2.4,张网,Z05,昼,50-100,73,,,,,,
2019/7/17,Summer (Jul.),60,3.3,张网,Z05,昼,50-100,73,,,,,,
2019/7/17,Summer (Jul.),63,4.1,张网,Z05,昼,50-100,76,,,,,,
2019/7/17,Summer (Jul.),63,3.5,张网,Z05,昼,50-100,77,,,,,,
2019/7/17,Summer (Jul.),63,3.4,张网,Z05,昼,50-100,80,,,,,,
2019/7/17,Summer (Jul.),64,2.4,张网,Z05,昼,50-100,78,,,,,,
2019/7/17,Summer (Jul.),65,4.2,张网,Z05,昼,50-100,76,,,,,,
2019/7/17,Summer (Jul.),65,4.5,张网,Z05,昼,50-100,80,,,,,,
2019/7/17,Summer (Jul.),65,3.6,张网,Z05,昼,50-100,77,,,,,,
2019/7/17,Summer (Jul.),67,4.7,张网,Z05,昼,50-100,80,,,,,,
2019/7/17,Summer (Jul.),68,4.6,张网,Z05,昼,50-100,82,,,,,,
2019/7/17,Summer (Jul.),68,4.4,张网,Z05,昼,50-100,83,,,,,,
2019/7/17,Summer (Jul.),68,4.3,张网,Z05,夜,50-100,83,,,,,,
2019/7/17,Summer (Jul.),68,3.8,张网,Z05,夜,50-100,85,,,,,,
2019/7/17,Summer (Jul.),70,4.7,张网,Z05,昼,50-100,86,,,,,,
2019/7/17,Summer (Jul.),70,5.2,张网,Z05,昼,50-100,86,,,,,,
2019/7/17,Summer (Jul.),70,4.4,张网,Z05,夜,50-100,86,,,,,,
2019/7/17,Summer (Jul.),73,5.6,张网,Z05,昼,50-100,87,,,,,,
2019/7/17,Summer (Jul.),73,5,张网,Z05,昼,50-100,90,,,,,,
2019/7/17,Summer (Jul.),75,5.8,张网,Z05,昼,50-100,92,,,,,,
2019/7/17,Summer (Jul.),75,7.2,张网,Z05,昼,50-100,93,,,,,,
2019/7/17,Summer (Jul.),75,6.5,张网,Z05,昼,50-100,90,,,,,,
2019/7/17,Summer (Jul.),75,6.5,张网,Z05,昼,50-100,90,,,,,,
2019/7/17,Summer (Jul.),75,5.7,张网,Z05,夜,50-100,95,,,,,,
2019/7/17,Summer (Jul.),76,6.5,张网,Z05,夜,50-100,95,,,,,,
2019/7/17,Summer (Jul.),77,7.2,张网,Z05,夜,50-100,97,,,,,,
2019/7/17,Summer (Jul.),78,7.7,张网,Z05,昼,50-100,98,,,,,,
2019/7/17,Summer (Jul.),78,7.3,张网,Z05,昼,50-100,93,,,,,,
2019/7/17,Summer (Jul.),78,8.5,张网,Z05,昼,50-100,90,,,,,,
2019/7/17,Summer (Jul.),78,7.3,张网,Z05,夜,50-100,93,,,,,,
2019/7/17,Summer (Jul.),80,7.7,张网,Z05,昼,50-100,100,,,,,,
2019/7/17,Summer (Jul.),80,8.6,张网,Z05,昼,50-100,96,,,,,,
2019/7/17,Summer (Jul.),80,8.6,张网,Z05,夜,50-100,100,,,,,,
2019/7/17,Summer (Jul.),83,8.4,张网,Z05,夜,50-100,103,,,,,,
2019/7/17,Summer (Jul.),83,10.4,张网,Z05,夜,50-100,103,,,,,,
2019/7/17,Summer (Jul.),85,9.3,张网,Z05,昼,50-100,105,,,,,,
2019/7/17,Summer (Jul.),85,9.2,张网,Z05,夜,50-100,108,,,,,,
2019/7/17,Summer (Jul.),85,9.6,张网,Z05,夜,50-100,105,,,,,,
2019/7/17,Summer (Jul.),88,9.1,张网,Z05,昼,50-100,107,,,,,,
2019/7/17,Summer (Jul.),88,10.6,张网,Z05,昼,50-100,107,,,,,,
2019/7/17,Summer (Jul.),88,10.2,张网,Z05,夜,50-100,107,,,,,,
2019/7/17,Summer (Jul.),90,11.8,张网,Z05,夜,50-100,110,,,,,,
2019/7/17,Summer (Jul.),90,12.8,张网,Z05,夜,50-100,113,,,,,,
2019/7/17,Summer (Jul.),92,10.7,张网,Z05,昼,50-100,108,,,,,,
2019/7/17,Summer (Jul.),93,11,张网,Z05,昼,50-100,107,,,,,,
2019/7/17,Summer (Jul.),93,12.4,张网,Z05,昼,50-100,113,,,,,,
2019/7/17,Summer (Jul.),95,16.9,张网,Z05,昼,50-100,120,,,,,,
2019/7/17,Summer (Jul.),95,13.1,张网,Z05,昼,50-100,113,,,,,,
2019/7/17,Summer (Jul.),95,14,张网,Z05,夜,50-100,120,,,,,,
2019/7/17,Summer (Jul.),95,14.6,张网,Z05,夜,50-100,120,,,,,,
2019/7/17,Summer (Jul.),95,17.9,张网,Z05,夜,50-100,120,,,,,,
2019/7/17,Summer (Jul.),97,12.4,张网,Z05,夜,50-100,115,,,,,,
2019/7/17,Summer (Jul.),100,15.9,张网,Z05,昼,100-150,115,,,,,,多是幼鱼，性腺看不出。摄食等级多是0-1级
2019/7/17,Summer (Jul.),100,17.3,张网,Z05,昼,100-150,120,,,,,,
2019/7/17,Summer (Jul.),100,14.6,张网,Z05,昼,100-150,118,,,,,,
2019/7/17,Summer (Jul.),100,15.3,张网,Z05,夜,100-150,120,,,,,,
2019/7/17,Summer (Jul.),100,14.9,张网,Z05,夜,100-150,120,,,,,,
2019/7/17,Summer (Jul.),102,12.8,张网,Z05,夜,100-150,125,,,,,,
2019/7/17,Summer (Jul.),105,20.3,张网,Z05,昼,100-150,130,,,,,,
2019/7/17,Summer (Jul.),105,19.2,张网,Z05,夜,100-150,127,,,,,,
2019/7/17,Summer (Jul.),105,14.5,张网,Z05,夜,100-150,130,,,,,,
2019/7/17,Summer (Jul.),105,21,张网,Z05,夜,100-150,130,,,,,,
2019/7/17,Summer (Jul.),110,22.8,张网,Z05,夜,100-150,140,,,,,,
2019/7/17,Summer (Jul.),115,23.2,张网,Z05,昼,100-150,140,,,,,,
2019/7/17,Summer (Jul.),120,33.2,张网,Z05,夜,100-150,140,,,,,,
2019/7/17,Summer (Jul.),125,30.7,张网,Z05,昼,100-150,150,,,,,,
2019/7/17,Summer (Jul.),52,1.6,张网,Z06,昼,50-100,64,,,,,,
2019/7/17,Summer (Jul.),58,1.9,张网,Z06,夜,50-100,72,,,,,,
2019/7/17,Summer (Jul.),62,3.1,张网,Z06,夜,50-100,78,,,,,,
2019/7/17,Summer (Jul.),65,4.3,张网,Z06,夜,50-100,84,,,,,,
2019/7/17,Summer (Jul.),66,3.4,张网,Z06,夜,50-100,81,,,,,,
2019/7/17,Summer (Jul.),67,3.9,张网,Z06,夜,50-100,83,,,,,,
2019/7/17,Summer (Jul.),68,4.9,张网,Z06,昼,50-100,84,,,,,,
2019/7/17,Summer (Jul.),70,5.1,张网,Z06,昼,50-100,82,,,,,,
2019/7/17,Summer (Jul.),72,4.9,张网,Z06,夜,50-100,90,,,,,,
2019/7/17,Summer (Jul.),73,5.3,张网,Z06,夜,50-100,94,,,,,,
2019/7/17,Summer (Jul.),75,5.7,张网,Z06,夜,50-100,92,,,,,,
2019/7/17,Summer (Jul.),76,5.2,张网,Z06,夜,50-100,93,,,,,,
2019/7/17,Summer (Jul.),78,7.1,张网,Z06,昼,50-100,94,,,,,,
2019/7/17,Summer (Jul.),78,5.4,张网,Z06,夜,50-100,95,,,,,,
2019/7/17,Summer (Jul.),78,6.2,张网,Z06,夜,50-100,95,,,,,,
2019/7/17,Summer (Jul.),80,6.2,张网,Z06,夜,50-100,100,,,,,,
2019/7/17,Summer (Jul.),81,8.5,张网,Z06,夜,50-100,102,,,,,,
2019/7/17,Summer (Jul.),84,7.8,张网,Z06,夜,50-100,103,,,,,,
2019/7/17,Summer (Jul.),89,9.2,张网,Z06,夜,50-100,105,,,,,,
2019/7/17,Summer (Jul.),90,10.1,张网,Z06,昼,50-100,108,,,,,,
2019/7/17,Summer (Jul.),92,12.3,张网,Z06,昼,50-100,114,,,,,,
2019/7/17,Summer (Jul.),92,10.9,张网,Z06,夜,50-100,111,,,,,,
2019/7/17,Summer (Jul.),94,13.7,张网,Z06,昼,50-100,121,,,,,,
2019/7/17,Summer (Jul.),94,12,张网,Z06,夜,50-100,115,,,,,,
2019/7/17,Summer (Jul.),96,12.2,张网,Z06,夜,50-100,117,,,,,,
2019/7/17,Summer (Jul.),97,13.4,张网,Z06,昼,50-100,119,,,,,,
2019/7/17,Summer (Jul.),97,13.5,张网,Z06,夜,50-100,124,,,,,,
2019/7/17,Summer (Jul.),98,13.8,张网,Z06,夜,50-100,121,,,,,,
2019/7/17,Summer (Jul.),98,13.5,张网,Z06,夜,50-100,123,,,,,,
2019/7/17,Summer (Jul.),99,14.5,张网,Z06,夜,50-100,117,,,,,,
2019/7/17,Summer (Jul.),100,16.1,张网,Z06,夜,100-150,124,,,,,,
2019/7/17,Summer (Jul.),102,17.3,张网,Z06,昼,100-150,131,,,,,,
2019/7/17,Summer (Jul.),102,14.9,张网,Z06,夜,100-150,125,,,,,,
2019/7/17,Summer (Jul.),103,17.4,张网,Z06,昼,100-150,133,,,,,,
2019/7/17,Summer (Jul.),104,15.3,张网,Z06,昼,100-150,132,,,,,,
2019/7/17,Summer (Jul.),104,18.8,张网,Z06,昼,100-150,124,,,,,,
2019/7/17,Summer (Jul.),104,17.1,张网,Z06,夜,100-150,131,,,,,,
2019/7/17,Summer (Jul.),104,14.2,张网,Z06,夜,100-150,125,,,,,,
2019/7/17,Summer (Jul.),107,19.7,张网,Z06,昼,100-150,132,,,,,,
2019/7/17,Summer (Jul.),108,23.8,张网,Z06,昼,100-150,140,,,,,,
2019/7/17,Summer (Jul.),108,19.2,张网,Z06,昼,100-150,139,,,,,,
2019/7/17,Summer (Jul.),108,20.7,张网,Z06,夜,100-150,136,,,,,,
2019/7/17,Summer (Jul.),109,21.9,张网,Z06,夜,100-150,140,,,,,,
2019/7/17,Summer (Jul.),111,22.6,张网,Z06,昼,100-150,142,,,,,,
2019/7/17,Summer (Jul.),111,23.6,张网,Z06,昼,100-150,142,,,,,,
2019/7/17,Summer (Jul.),111,23.2,张网,Z06,昼,100-150,139,,,,,,
2019/7/17,Summer (Jul.),111,20,张网,Z06,昼,100-150,138,,,,,,
2019/7/17,Summer (Jul.),111,19.9,张网,Z06,昼,100-150,134,,,,,,
2019/7/17,Summer (Jul.),111,21,张网,Z06,夜,100-150,142,,,,,,
2019/7/17,Summer (Jul.),112,23.4,张网,Z06,昼,100-150,142,,,,,,
2019/7/17,Summer (Jul.),112,20.1,张网,Z06,昼,100-150,139,,,,,,
2019/7/17,Summer (Jul.),114,22.4,张网,Z06,昼,100-150,144,,,,,,
2019/7/17,Summer (Jul.),114,21.4,张网,Z06,昼,100-150,145,,,,,,
2019/7/17,Summer (Jul.),114,25.3,张网,Z06,昼,100-150,145,,,,,,
2019/7/17,Summer (Jul.),115,25.5,张网,Z06,昼,100-150,142,,,,,,
2019/7/17,Summer (Jul.),115,23.6,张网,Z06,昼,100-150,145,,,,,,
2019/7/17,Summer (Jul.),117,25,张网,Z06,昼,100-150,146,,,,,,
2019/7/17,Summer (Jul.),118,25.3,张网,Z06,昼,100-150,150,,,,,,
2019/7/17,Summer (Jul.),118,24.8,张网,Z06,昼,100-150,144,,,,,,
2019/7/17,Summer (Jul.),120,26.5,张网,Z06,夜,100-150,148,,,,,,
2019/7/17,Summer (Jul.),47,1.3,张网,Z07,夜,0-50,58,,,,,,
2019/7/17,Summer (Jul.),60,3.6,张网,Z07,夜,50-100,74,,,,,,
2019/7/17,Summer (Jul.),61,2.9,张网,Z07,昼,50-100,75,,,,,,
2019/7/17,Summer (Jul.),61,3.3,张网,Z07,夜,50-100,77,,,,,,
2019/7/17,Summer (Jul.),62,3.2,张网,Z07,夜,50-100,75,,,,,,
2019/7/17,Summer (Jul.),63,3.3,张网,Z07,夜,50-100,82,,,,,,
2019/7/17,Summer (Jul.),63,4.2,张网,Z07,夜,50-100,78,,,,,,
2019/7/17,Summer (Jul.),67,3.5,张网,Z07,昼,50-100,85,,,,,,
2019/7/17,Summer (Jul.),68,4.6,张网,Z07,昼,50-100,85,,,,,,
2019/7/17,Summer (Jul.),68,3.6,张网,Z07,昼,50-100,82,,,,,,
2019/7/17,Summer (Jul.),69,4.5,张网,Z07,昼,50-100,85,,,,,,
2019/7/17,Summer (Jul.),71,4.7,张网,Z07,昼,50-100,82,,,,,,
2019/7/17,Summer (Jul.),72,6,张网,Z07,昼,50-100,88,,,,,,
2019/7/17,Summer (Jul.),73,4.5,张网,Z07,昼,50-100,90,,,,,,
2019/7/17,Summer (Jul.),76,6.8,张网,Z07,夜,50-100,95,,,,,,
2019/7/17,Summer (Jul.),78,8.5,张网,Z07,昼,50-100,93,,,,,,
2019/7/17,Summer (Jul.),78,5.6,张网,Z07,昼,50-100,93,,,,,,
2019/7/17,Summer (Jul.),81,6.5,张网,Z07,昼,50-100,99,,,,,,
2019/7/17,Summer (Jul.),82,6.6,张网,Z07,昼,50-100,100,,,,,,
2019/7/17,Summer (Jul.),82,8.1,张网,Z07,昼,50-100,98,,,,,,
2019/7/17,Summer (Jul.),83,9.5,张网,Z07,昼,50-100,104,,,,,,
2019/7/17,Summer (Jul.),83,10,张网,Z07,昼,50-100,108,,,,,,
2019/7/17,Summer (Jul.),84,9.2,张网,Z07,夜,50-100,107,,,,,,
2019/7/17,Summer (Jul.),89,11.5,张网,Z07,夜,50-100,110,,,,,,
2019/7/17,Summer (Jul.),92,12.5,张网,Z07,昼,50-100,109,,,,,,
2019/7/17,Summer (Jul.),96,13.5,张网,Z07,昼,50-100,118,,,,,,
2019/7/17,Summer (Jul.),97,13.6,张网,Z07,昼,50-100,121,,,,,,
2019/7/17,Summer (Jul.),98,15.1,张网,Z07,昼,50-100,114,,,,,,
2019/7/17,Summer (Jul.),102,13.7,张网,Z07,昼,100-150,120,,,,,,
2019/7/17,Summer (Jul.),102,14.9,张网,Z07,夜,100-150,127,,,,,,
2019/7/17,Summer (Jul.),104,14.3,张网,Z07,昼,100-150,127,,,,,,
2019/7/17,Summer (Jul.),104,16.3,张网,Z07,昼,100-150,127,,,,,,
2019/7/17,Summer (Jul.),105,19,张网,Z07,夜,100-150,134,,,,,,
2019/7/17,Summer (Jul.),105,20.4,张网,Z07,夜,100-150,136,,,,,,
2019/7/17,Summer (Jul.),107,16.9,张网,Z07,夜,100-150,126,,,,,,
2019/7/17,Summer (Jul.),108,21.5,张网,Z07,夜,100-150,138,,,,,,
2019/7/17,Summer (Jul.),110,23.3,张网,Z07,夜,100-150,137,,,,,,
2019/7/17,Summer (Jul.),110,22.6,张网,Z07,夜,100-150,137,,,,,,
2019/7/17,Summer (Jul.),111,21.4,张网,Z07,昼,100-150,138,,,,,,
2019/7/17,Summer (Jul.),112,23.9,张网,Z07,夜,100-150,140,,,,,,
2019/7/17,Summer (Jul.),112,24.2,张网,Z07,夜,100-150,145,,,,,,
2019/7/17,Summer (Jul.),113,24.1,张网,Z07,昼,100-150,144,,,,,,
2019/7/17,Summer (Jul.),114,26.4,张网,Z07,昼,100-150,146,,,,,,
2019/7/17,Summer (Jul.),114,20.4,张网,Z07,昼,100-150,137,,,,,,
2019/7/17,Summer (Jul.),114,21.1,张网,Z07,昼,100-150,134,,,,,,
2019/7/17,Summer (Jul.),114,22.8,张网,Z07,夜,100-150,145,,,,,,
2019/7/17,Summer (Jul.),117,24.2,张网,Z07,夜,100-150,145,,,,,,
2019/7/17,Summer (Jul.),118,30.3,张网,Z07,夜,100-150,151,,,,,,
2019/7/17,Summer (Jul.),118,29,张网,Z07,夜,100-150,149,,,,,,
2019/7/17,Summer (Jul.),119,26.1,张网,Z07,昼,100-150,146,,,,,,
2019/7/17,Summer (Jul.),119,28.5,张网,Z07,夜,100-150,149,,,,,,
2019/7/17,Summer (Jul.),120,24,张网,Z07,昼,100-150,148,,,,,,
2019/7/17,Summer (Jul.),120,25.9,张网,Z07,夜,100-150,152,,,,,,
2019/7/17,Summer (Jul.),120,25.2,张网,Z07,夜,100-150,153,,,,,,
2019/7/17,Summer (Jul.),120,24.4,张网,Z07,夜,100-150,154,,,,,,
2019/7/17,Summer (Jul.),122,33.9,张网,Z07,夜,100-150,153,,,,,,
2019/7/17,Summer (Jul.),124,26.4,张网,Z07,昼,100-150,152,,,,,,
2019/7/17,Summer (Jul.),126,27.6,张网,Z07,夜,100-150,161,,,,,,
2019/7/17,Summer (Jul.),50,1.5,张网,Z08,夜,50-100,65,,,,,,
2019/7/17,Summer (Jul.),50,1.6,张网,Z08,夜,50-100,65,,,,,,
2019/7/17,Summer (Jul.),50,1.4,张网,Z08,夜,50-100,60,,,,,,
2019/7/17,Summer (Jul.),55,2.2,张网,Z08,昼,50-100,65,,,,,,
2019/7/17,Summer (Jul.),60,2.9,张网,Z08,夜,50-100,75,,,,,,
2019/7/17,Summer (Jul.),60,2.9,张网,Z08,夜,50-100,74,,,,,,
2019/7/17,Summer (Jul.),60,2.9,张网,Z08,昼,50-100,73,,,,,,
2019/7/17,Summer (Jul.),60,2.7,张网,Z08,昼,50-100,74,,,,,,
2019/7/17,Summer (Jul.),60,2,张网,Z08,昼,50-100,75,,,,,,
2019/7/17,Summer (Jul.),62,3.8,张网,Z08,昼,50-100,76,,,,,,
2019/7/17,Summer (Jul.),62,2.5,张网,Z08,昼,50-100,77,,,,,,
2019/7/17,Summer (Jul.),65,3.9,张网,Z08,昼,50-100,80,,,,,,
2019/7/17,Summer (Jul.),65,3,张网,Z08,昼,50-100,76,,,,,,
2019/7/17,Summer (Jul.),65,4.2,张网,Z08,昼,50-100,82,,,,,,
2019/7/17,Summer (Jul.),68,3.9,张网,Z08,夜,50-100,85,,,,,,
2019/7/17,Summer (Jul.),70,4.3,张网,Z08,夜,50-100,85,,,,,,
2019/7/17,Summer (Jul.),70,3.9,张网,Z08,夜,50-100,86,,,,,,
2019/7/17,Summer (Jul.),70,4.9,张网,Z08,夜,50-100,85,,,,,,
2019/7/17,Summer (Jul.),70,4.6,张网,Z08,昼,50-100,84,,,,,,
2019/7/17,Summer (Jul.),72,6,张网,Z08,昼,50-100,92,,,,,,
2019/7/17,Summer (Jul.),72,5.7,张网,Z08,昼,50-100,88,,,,,,
2019/7/17,Summer (Jul.),72,4.9,张网,Z08,昼,50-100,87,,,,,,
2019/7/17,Summer (Jul.),73,4.7,张网,Z08,夜,50-100,90,,,,,,
2019/7/17,Summer (Jul.),75,6.6,张网,Z08,夜,50-100,95,,,,,,
2019/7/17,Summer (Jul.),78,6.8,张网,Z08,夜,50-100,90,,,,,,
2019/7/17,Summer (Jul.),80,6.4,张网,Z08,夜,50-100,100,,,,,,
2019/7/17,Summer (Jul.),83,8.9,张网,Z08,昼,50-100,104,,,,,,
2019/7/17,Summer (Jul.),83,6.7,张网,Z08,昼,50-100,95,,,,,,
2019/7/17,Summer (Jul.),83,6.7,张网,Z08,昼,50-100,100,,,,,,
2019/7/17,Summer (Jul.),85,7.9,张网,Z08,夜,50-100,105,,,,,,
2019/7/17,Summer (Jul.),85,8.8,张网,Z08,夜,50-100,100,,,,,,
2019/7/17,Summer (Jul.),88,10,张网,Z08,昼,50-100,106,,,,,,
2019/7/17,Summer (Jul.),89,10.2,张网,Z08,昼,50-100,105,,,,,,
2019/7/17,Summer (Jul.),90,12,张网,Z08,昼,50-100,108,,,,,,
2019/7/17,Summer (Jul.),90,9.4,张网,Z08,昼,50-100,111,,,,,,
2019/7/17,Summer (Jul.),90,9.6,张网,Z08,夜,50-100,108,,,,,,
2019/7/17,Summer (Jul.),90,9.9,张网,Z08,夜,50-100,113,,,,,,
2019/7/17,Summer (Jul.),90,11.8,张网,Z08,昼,50-100,111,,,,,,
2019/7/17,Summer (Jul.),91,10.9,张网,Z08,昼,50-100,111,,,,,,
2019/7/17,Summer (Jul.),94,16.4,张网,Z08,昼,50-100,118,,,,,,
2019/7/17,Summer (Jul.),97,13.2,张网,Z08,昼,50-100,112,,,,,,
2019/7/17,Summer (Jul.),97,14.2,张网,Z08,昼,50-100,123,,,,,,
2019/7/17,Summer (Jul.),100,17,张网,Z08,夜,100-150,125,,,,,,
2019/7/17,Summer (Jul.),100,11.4,张网,Z08,夜,100-150,120,,,,,,
2019/7/17,Summer (Jul.),100,13,张网,Z08,昼,100-150,115,,,,,,
2019/7/17,Summer (Jul.),103,18.5,张网,Z08,昼,100-150,132,,,,,,
2019/7/17,Summer (Jul.),103,17.7,张网,Z08,昼,100-150,134,,,,,,
2019/7/17,Summer (Jul.),103,16.3,张网,Z08,昼,100-150,123,,,,,,
2019/7/17,Summer (Jul.),105,21.9,张网,Z08,昼,100-150,135,,,,,,
2019/7/17,Summer (Jul.),105,15.7,张网,Z08,夜,100-150,135,,,,,,
2019/7/17,Summer (Jul.),105,20.3,张网,Z08,夜,100-150,140,,,,,,
2019/7/17,Summer (Jul.),105,16.1,张网,Z08,夜,100-150,125,,,,,,
2019/7/17,Summer (Jul.),105,20.7,张网,Z08,昼,100-150,134,,,,,,
2019/7/17,Summer (Jul.),105,15.8,张网,Z08,昼,100-150,130,,,,,,
2019/7/17,Summer (Jul.),108,21.8,张网,Z08,昼,100-150,133,,,,,,
2019/7/17,Summer (Jul.),108,19,张网,Z08,昼,100-150,135,,,,,,
2019/7/17,Summer (Jul.),108,23.9,张网,Z08,昼,100-150,135,,,,,,
2019/7/17,Summer (Jul.),108,18.1,张网,Z08,昼,100-150,134,,,,,,
2019/7/17,Summer (Jul.),109,13.3,张网,Z08,昼,100-150,120,,,,,,
2019/7/17,Summer (Jul.),110,21.1,张网,Z08,昼,100-150,138,,,,,,
2019/7/17,Summer (Jul.),110,20.2,张网,Z08,昼,100-150,137,,,,,,
2019/7/17,Summer (Jul.),110,25.3,张网,Z08,夜,100-150,138,,,,,,
2019/7/17,Summer (Jul.),110,16.9,张网,Z08,夜,100-150,133,,,,,,
2019/7/17,Summer (Jul.),110,16.9,张网,Z08,夜,100-150,133,,,,,,
2019/7/17,Summer (Jul.),110,16.2,张网,Z08,夜,100-150,135,,,,,,
2019/7/17,Summer (Jul.),111,27.2,张网,Z08,昼,100-150,142,,,,,,
2019/7/17,Summer (Jul.),112,20.2,张网,Z08,昼,100-150,140,,,,,,
2019/7/17,Summer (Jul.),112,20.9,张网,Z08,昼,100-150,139,,,,,,
2019/7/17,Summer (Jul.),113,24.4,张网,Z08,昼,100-150,145,,,,,,
2019/7/17,Summer (Jul.),113,21.4,张网,Z08,昼,100-150,137,,,,,,
2019/7/17,Summer (Jul.),114,24.3,张网,Z08,昼,100-150,141,,,,,,
2019/7/17,Summer (Jul.),114,22.8,张网,Z08,昼,100-150,141,,,,,,
2019/7/17,Summer (Jul.),114,20.8,张网,Z08,昼,100-150,141,,,,,,
2019/7/17,Summer (Jul.),115,24.6,张网,Z08,昼,100-150,142,,,,,,
2019/7/17,Summer (Jul.),115,17.3,张网,Z08,夜,100-150,140,,,,,,
2019/7/17,Summer (Jul.),115,22.3,张网,Z08,昼,100-150,142,,,,,,
2019/7/17,Summer (Jul.),116,21.9,张网,Z08,昼,100-150,140,,,,,,
2019/7/17,Summer (Jul.),119,25.1,张网,Z08,昼,100-150,145,,,,,,
2019/7/17,Summer (Jul.),120,29.2,张网,Z08,昼,100-150,149,,,,,,
2019/7/17,Summer (Jul.),120,23.6,张网,Z08,夜,100-150,150,,,,,,
2019/7/17,Summer (Jul.),120,24,张网,Z08,夜,100-150,150,,,,,,
2019/7/17,Summer (Jul.),120,22.5,张网,Z08,昼,100-150,145,,,,,,
2019/7/17,Summer (Jul.),120,26.5,张网,Z08,昼,100-150,149,,,,,,
2019/7/17,Summer (Jul.),121,26.7,张网,Z08,昼,100-150,152,,,,,,
2019/7/17,Summer (Jul.),123,23.4,张网,Z08,昼,100-150,143,,,,,,
2019/7/17,Summer (Jul.),125,27.2,张网,Z08,昼,100-150,155,,,,,,
2019/7/17,Summer (Jul.),125,28.2,张网,Z08,夜,100-150,160,,,,,,
2019/7/17,Summer (Jul.),125,25.3,张网,Z08,夜,100-150,155,,,,,,
2019/7/17,Summer (Jul.),125,21,张网,Z08,昼,100-150,145,,,,,,
2019/7/17,Summer (Jul.),129,29,张网,Z08,昼,100-150,158,,,,,,
2019/7/17,Summer (Jul.),315,521.8,张网,Z08,昼,300-350,359,,,♀,Ⅱ,1,
2019/7/17,Summer (Jul.),55,2,张网,Z10,夜,50-100,69,,,,,,
2019/7/17,Summer (Jul.),65,2.9,张网,Z10,夜,50-100,77,,,,,,
2019/7/17,Summer (Jul.),69,4,张网,Z10,夜,50-100,84,,,,,,
2019/7/17,Summer (Jul.),71,4.4,张网,Z10,夜,50-100,87,,,,,,
2019/7/17,Summer (Jul.),78,6,张网,Z10,夜,50-100,95,,,,,,
2019/7/17,Summer (Jul.),87,9.2,张网,Z10,夜,50-100,105,,,,,,
2019/7/17,Summer (Jul.),89,9.4,张网,Z10,夜,50-100,113,,,,,,
2019/7/17,Summer (Jul.),97,11.7,张网,Z10,夜,50-100,114,,,,,,
2019/7/17,Summer (Jul.),106,18,张网,Z10,夜,100-150,133,,,,,,
2019/7/17,Summer (Jul.),106,20,张网,Z10,夜,100-150,135,,,,,,
2019/7/17,Summer (Jul.),107,21.6,张网,Z10,夜,100-150,137,,,,,,
2019/7/17,Summer (Jul.),108,19.7,张网,Z10,夜,100-150,136,,,,,,
2019/7/17,Summer (Jul.),108,20.1,张网,Z10,夜,100-150,133,,,,,,
2019/7/17,Summer (Jul.),109,21,张网,Z10,夜,100-150,142,,,,,,
2019/7/17,Summer (Jul.),110,20.4,张网,Z10,夜,100-150,138,,,,,,
2019/7/17,Summer (Jul.),114,24,张网,Z10,夜,100-150,147,,,,,,
2019/7/17,Summer (Jul.),116,20.3,张网,Z10,夜,100-150,142,,,,,,
2019/7/17,Summer (Jul.),116,24.7,张网,Z10,夜,100-150,147,,,,,,
2019/7/17,Summer (Jul.),117,23.2,张网,Z10,夜,100-150,148,,,,,,
2019/7/17,Summer (Jul.),117,23.8,张网,Z10,夜,100-150,145,,,,,,
2019/7/17,Summer (Jul.),117,24,张网,Z10,夜,100-150,146,,,,,,
2019/7/17,Summer (Jul.),118,22.6,张网,Z10,夜,100-150,146,,,,,,
2019/7/17,Summer (Jul.),119,26.6,张网,Z10,夜,100-150,151,,,,,,
2019/7/17,Summer (Jul.),119,23.9,张网,Z10,夜,100-150,148,,,,,,
2019/7/17,Summer (Jul.),121,27.3,张网,Z10,夜,100-150,154,,,,,,
2019/7/17,Summer (Jul.),124,26.3,张网,Z10,夜,100-150,158,,,,,,
2019/7/17,Summer (Jul.),125,26.3,张网,Z10,夜,100-150,153,,,,,,
2019/7/17,Summer (Jul.),127,25.4,张网,Z10,夜,100-150,153,,,,,,
2019/7/17,Summer (Jul.),130,29.9,张网,Z10,夜,100-150,158,,,,,,
2019/7/17,Summer (Jul.),242,204.6,张网,Z10,夜,200-250,265,,,,,,
2019/7/22,Summer (Jul.),100,20.1,拖网,T01,,100-150,120,,,不分,,2,
2019/7/22,Summer (Jul.),125,35.6,拖网,T01,,100-150,150,,,♀,Ⅱ,2,
2019/7/22,Summer (Jul.),105,23.4,拖网,T01,,100-150,130,,,不分,,3,
2019/7/22,Summer (Jul.),127,34.1,拖网,T01,,100-150,155,,,不分,,2,
2019/7/22,Summer (Jul.),77,9,拖网,T02,,50-100,95,,,不分,,1,
2019/7/22,Summer (Jul.),112,25.5,拖网,T02,,100-150,137,,,♀,Ⅱ,0,
2019/7/22,Summer (Jul.),119,39.6,拖网,T02,,100-150,145,,,♀,Ⅱ,1,
2019/7/22,Summer (Jul.),115,21.9,拖网,T02,,100-150,132,,,不分,,0,
2019/7/22,Summer (Jul.),124,31.4,拖网,T02,,100-150,155,,,♀,Ⅱ,0,
2019/7/22,Summer (Jul.),111,21.3,拖网,T03,,100-150,137,,,不分,,1,
2019/7/22,Summer (Jul.),120,28.9,拖网,T03,,100-150,148,,,不分,,3,
2019/7/22,Summer (Jul.),99,19,拖网,T03,,50-100,129,,,不分,,1,
2019/7/22,Summer (Jul.),127,36.7,拖网,T03,,100-150,158,,,不分,,1,
2019/7/22,Summer (Jul.),108,24.1,拖网,T03,,100-150,134,,,不分,,2,
2019/7/22,Summer (Jul.),112,23.7,拖网,T03,,100-150,141,,,不分,,2,
2019/7/22,Summer (Jul.),122,29.1,拖网,T03,,100-150,150,,,不分,,2,
2019/7/22,Summer (Jul.),108,20.5,拖网,T03,,100-150,137,,,不分,,1,
2019/7/22,Summer (Jul.),102,19.1,拖网,T03,,100-150,126,,,不分,,2,
2019/7/22,Summer (Jul.),123,31.5,拖网,T03,,100-150,152,,,不分,,2,
2019/7/22,Summer (Jul.),119,30.5,拖网,T03,,100-150,150,,,不分,,1,
2019/7/22,Summer (Jul.),104,20.1,拖网,T03,,100-150,128,,,不分,,3,
2019/7/22,Summer (Jul.),95,15.5,拖网,T03,,50-100,119,,,不分,,2,
2019/7/22,Summer (Jul.),105,20.8,拖网,T03,,100-150,134,,,不分,,3,
2019/7/22,Summer (Jul.),107,23.3,拖网,T03,,100-150,136,,,不分,,2,
2019/7/22,Summer (Jul.),109,24.2,拖网,T03,,100-150,137,,,不分,,1,
2019/7/22,Summer (Jul.),106,18.3,拖网,T03,,100-150,132,,,不分,,3,
2019/7/22,Summer (Jul.),97,16.7,拖网,T03,,50-100,123,,,不分,,3,
2019/7/22,Summer (Jul.),110,25.4,拖网,T04,,100-150,135,,,不分,,2,
2019/7/22,Summer (Jul.),125,35.8,拖网,T04,,100-150,150,,,不分,,3,
2019/7/22,Summer (Jul.),110,28.3,拖网,T04,,100-150,137,,,不分,,2,
2019/7/22,Summer (Jul.),112,30.4,拖网,T04,,100-150,136,,,不分,,2,
2019/7/22,Summer (Jul.),120,30.8,拖网,T04,,100-150,143,,,不分,,1,
2019/7/22,Summer (Jul.),113,25.9,拖网,T05,,100-150,140,,,♀,Ⅱ,2,
2019/7/22,Summer (Jul.),114,28.7,拖网,T05,,100-150,143,,,♀,Ⅱ,0,
2019/7/22,Summer (Jul.),105,21.8,拖网,T06,,100-150,130,,,不分,,1,
2019/7/22,Summer (Jul.),101,22.2,拖网,T06,,100-150,131,,,♀,Ⅱ,0,
2019/7/22,Summer (Jul.),107,24.4,拖网,T06,,100-150,139,,,不分,,1,
2019/7/22,Summer (Jul.),117,28.2,拖网,T06,,100-150,150,,,♀,Ⅱ,1,
2019/7/22,Summer (Jul.),119,30.7,拖网,T06,,100-150,153,,,不分,,0,
2019/7/22,Summer (Jul.),114,25,拖网,T06,,100-150,142,,,♀,Ⅱ,1,
2019/7/22,Summer (Jul.),96,15.4,拖网,T06,,50-100,122,,,不分,,1,
2019/7/22,Summer (Jul.),113,25.1,拖网,T06,,100-150,142,,,不分,,0,
2019/7/22,Summer (Jul.),105,21.5,拖网,T06,,100-150,135,,,不分,,1,
2019/7/22,Summer (Jul.),108,21.4,拖网,T06,,100-150,143,,,♀,Ⅱ,0,
2019/7/22,Summer (Jul.),112,24.6,拖网,T06,,100-150,141,,,♀,Ⅱ,1,
2019/7/22,Summer (Jul.),125,36.3,拖网,T06,,100-150,159,,,不分,,1,
2019/7/22,Summer (Jul.),102,19.4,拖网,T06,,100-150,130,,,不分,,2,
2019/7/22,Summer (Jul.),105,22.1,拖网,T06,,100-150,136,,,不分,,1,
2019/7/22,Summer (Jul.),101,18.5,拖网,T06,,100-150,127,,,♀,Ⅱ,0,
2019/7/22,Summer (Jul.),103,20.2,拖网,T06,,100-150,128,,,不分,,1,
2019/7/22,Summer (Jul.),108,21.7,拖网,T06,,100-150,135,,,不分,,2,
2019/7/22,Summer (Jul.),105,21.5,拖网,T06,,100-150,133,,,不分,,2,
2019/7/22,Summer (Jul.),98,17.1,拖网,T06,,50-100,122,,,不分,,1,
2019/7/22,Summer (Jul.),118,28.3,拖网,T06,,100-150,152,,,不分,,1,
2019/7/22,Summer (Jul.),118,29.6,拖网,T06,,100-150,152,,,不分,,0,
2019/7/22,Summer (Jul.),103,19.4,拖网,T06,,100-150,129,,,不分,,1,
2019/7/22,Summer (Jul.),104,18.7,拖网,T06,,100-150,127,,,不分,,0,
2019/1/20,Winter (Jan.),126,16.4,张网,Z06,,100-150,100,,,不分,,0,
2019/1/20,Winter (Jan.),127,18.9,张网,Z06,,100-150,101,,,不分,,0,
2019/1/20,Winter (Jan.),143,25.5,张网,Z06,,100-150,113,,,不分,,0,
2019/1/20,Winter (Jan.),172,57.5,张网,Z06,,150-200,140,,,不分,,0,
2019/1/20,Winter (Jan.),140,26.5,张网,Z07,,100-150,115,,,不分,,0,
2019/1/20,Winter (Jan.),155,43.7,张网,Z07,,150-200,128,,,不分,,0,
2019/1/20,Winter (Jan.),213,106.1,张网,Z07,,200-250,179,,,♂,,0,
2019/1/20,Winter (Jan.),230,173.8,张网,Z07,,200-250,153,,,不分,,0,
2019/1/20,Winter (Jan.),252,199.4,张网,Z07,,250-300,219,,,♂,,0,
2019/1/20,Winter (Jan.),295,294.8,张网,Z07,,250-300,253,,,♂,,0,
2019/1/20,Winter (Jan.),200,186.5,张网,Z08,,200-250,240,,,♀,Ⅱ,0,
2019/1/20,Winter (Jan.),184,136.6,张网,Z08,,150-200,215,,,♀,Ⅱ,0,
2019/1/20,Winter (Jan.),155,81.6,张网,Z08,,150-200,189,,,不分,,1,
2019/1/20,Winter (Jan.),131,37.9,张网,Z08,,100-150,154,,,不分,,0,
2019/1/20,Winter (Jan.),151,61.8,张网,Z08,,150-200,175,,,♂,,0,
2019/1/20,Winter (Jan.),130,39.9,张网,Z01,,100-150,161,,,♀,Ⅱ,2,
2019/1/20,Winter (Jan.),160,66.8,张网,Z01,,150-200,198,,,♂,,1,
2019/1/20,Winter (Jan.),155,60.3,张网,Z01,,150-200,188,,,♀,Ⅱ,0,
2019/1/20,Winter (Jan.),155,59.3,张网,Z01,,150-200,189,,,♀,Ⅱ,0,
2019/1/20,Winter (Jan.),185,115.2,张网,Z01,,150-200,220,,,♀,Ⅱ,1,
2019/1/20,Winter (Jan.),185,112.3,张网,Z01,,150-200,218,,,♂,,2,
2019/1/20,Winter (Jan.),135,43.9,张网,Z02,,100-150,156,,,不分,,0,
2019/1/20,Winter (Jan.),131,42.3,张网,Z02,,100-150,162,,,不分,,2,
2019/1/20,Winter (Jan.),118,50.9,张网,Z02,,100-150,137,,,不分,,1,
2019/1/20,Winter (Jan.),157,84.4,张网,Z02,,150-200,195,,,不分,,3,
2019/1/20,Winter (Jan.),186,121.8,张网,Z02,,150-200,223,,,♂,,0,
2019/1/20,Winter (Jan.),173,109,张网,Z02,,150-200,213,,,♀,Ⅱ,1,
2019/1/20,Winter (Jan.),193,150.8,张网,Z02,,150-200,231,,,♀,Ⅱ,0,
2019/1/20,Winter (Jan.),251,291.5,张网,Z04,,250-300,295,,,♂,,0,
2019/1/20,Winter (Jan.),188,132.2,张网,Z04,,150-200,222,,,不分,,0,
2019/1/20,Winter (Jan.),83,12.3,张网,Z04,,50-100,100,,,不分,,0,
2019/1/20,Winter (Jan.),123,38.4,张网,Z04,,100-150,153,,,不分,,0,
2019/1/20,Winter (Jan.),156,71.6,张网,Z04,,150-200,186,,,不分,,0,
2019/1/20,Winter (Jan.),142,64.4,张网,Z04,,100-150,168,,,不分,,0,
2019/1/20,Winter (Jan.),125,34.5,张网,Z04,,100-150,158,,,不分,,0,
2019/1/20,Winter (Jan.),156,81.2,张网,Z04,,150-200,186,,,不分,,0,
2019/1/20,Winter (Jan.),109,20.6,张网,Z05,,100-150,132,,,不分,,0,
2019/1/20,Winter (Jan.),112,21.8,张网,Z05,,100-150,135,,,不分,,1,
2019/1/20,Winter (Jan.),103,18.9,张网,Z05,,100-150,125,,,♂,,0,
2019/1/20,Winter (Jan.),142,58.8,张网,Z05,,100-150,173,,,♀,,1,
2019/1/20,Winter (Jan.),171,84.6,张网,Z05,,150-200,202,,,♀,,1,
2019/1/20,Winter (Jan.),186,125.6,张网,Z05,,150-200,219,,,♂,,0,
2019/1/5,Winter (Jan.),175,88.6,拖网,T05,,150-200,204,,,♀,Ⅱ,1,
